Workbook
Name FactionList: Factions[Faction]
Name RULESOF: _xlfn.LAMBDA(_xlpm.fac,_xlfn.LET(_xlpm.k,_xlfn.XMATCH(TRIM(_xlpm.fac),Factions[Faction]),IFERROR(_xlfn.TAKE(_xlfn.CHOOSECOLS(FACTIONBLOCK(_xlpm.k),_xlfn.SEQUENCE(1,4,38)),27),{"","","",""})))
Name STRATSOF: _xlfn.LAMBDA(_xlpm.fac,_xlfn.LET(_xlpm.k,_xlfn.XMATCH(TRIM(_xlpm.fac),Factions[Faction]),IFERROR(_xlfn.TAKE(_xlfn.CHOOSECOLS(FACTIONBLOCK(_xlpm.k),_xlfn.SEQUENCE(1,6,43)),27),{"","","","","",""})))

Sheet How To Use
B2: Combat 40k Cheat Sheet – How To Use This Workbook
B3: This workbook works out the average damage a unit will do to an enemy unit in Warhammer 40,000 (11th edition), taking weapon keywords, faction rules, stratagems and battle conditions into account. You enter your units once on a faction tab, then pick attacker and target on the Sim tabs.
B5: 1. What each tab is for
B6: Sim-Shooting | C6: Simulates your unit's ranged weapons shooting at a target.
B7: Sim-Fighting | C7: Simulates your unit's melee weapons fighting a target.
B8: Roster | C8: Lists your whole army and the opponent (real units or generic profiles) with shared battle conditions and army-wide rules. Feeds the army-level results.
B9: Results | C9: Army-wide analysis built from the Roster tab: kill grid, heat maps, gaps, role spider chart, points efficiency and reverse durability.
B10: Faction tabs | C10: DeathGuard, Space Marines, Drukhari, Daemons, T'Au, Imperial Guard, Sisters of Battle, Thousand Sons. Each holds that faction's units, weapons, faction rules and stratagems. Every unit here can be an attacker or a target.
B11: Keywords | C11: Reference list of every 11th edition keyword and the core stratagems, plus the Modifier Format Guide that explains how to write keywords so the simulator can read them.
B13: 2. Adding a unit (on a faction tab)
B14: Step 1 – Unit table (B:R) | C14: In column B type the unit's Name. In C:H enter its stats: T (Toughness), W (Wounds), Sv (Save), InSv (Invulnerable save, or - if none), FNP (Feel No Pain, or -), and Modifiers (unit keywords, e.g. Infantry, Stealth). In I:P add the rest of the datasheet: M (Move), OC, Ld (Leadership), Points, Models (models in the unit), Keywords (e.g. Infantry, Character, Vehicle), Leader (units this character can lead) and Abilities. Give every unit a unique name within its faction tab.
B15: Step 2 – List its weapons | C15: In column Q list each weapon the unit carries, one per row under its name. In column R pick Ranged or Melee from the dropdown. This decides whether it appears on Sim-Shooting or Sim-Fighting. If a unit has several weapons, merge its Name cell down across those rows or leave the rows below the name blank. In column S (Qty) enter how many of that weapon the unit has (blank = 1); enter 0 for alternative profiles such as frag/krak so they aren't added together.
B16: Step 3 – Weapon profiles | C16: Add the weapon's stats to the Ranged Weapons table (U:AA) or the Melee Weapons table (AD:AJ): Weapon name (must match column Q exactly), A, BS/WS, S, AP, D and Modifier. Random values such as D3 or D6 are fine.
B17: Tip | C17: A weapon profile only needs to be entered once per faction tab, even if several units carry it.
B19: 3. Writing keywords (Modifier columns)
B20: Use exact names | C20: Write keywords exactly as they appear in the Keywords tab, e.g. Lethal Hits not Lethal.
B21: Separate with commas | C21: Blast, Lethal Hits
B22: Space before numbers | C22: Melta 2, Rapid Fire 1, Sustained Hits 1
B23: Anti and Feel No Pain | C23: Anti-Infantry 2+ and Feel No Pain 5+
B24: Stat changes | C24: Hit Modifier +1, Wound Modifier -1, AP Modifier -1, Damage Modifier -1, Attacks Modifier +1, Strength Modifier +1, BS Modifier -1 / WS Modifier -1 (minus improves), Toughness Modifier +1, Save Modifier +1, Critical Hits 5+, Critical Wounds 5+, Reroll Hits, Reroll Wounds, Reroll Hits 1 (re-roll 1s only). Full list and examples on the Keywords tab.
B25: Unit keywords | C25: Target keywords used by Anti go in the unit's Modifiers, e.g. Infantry, Feel No Pain 5+.
B27: 4. Running a simulation (Sim-Shooting / Sim-Fighting)
B28: Step 1 – Pick the attacker | C28: B3: choose the attacking faction. B4: choose the attacking unit. Its weapons fill in automatically from row 6 down.
B29: Step 2 – Pick the target | C29: I4: choose the target unit from any faction tab. Targets are listed as Unit (Faction), e.g. Intercessor (Space Marines), so units with the same name in different factions don't get mixed up. Its stats appear in I6:N6.
B30: Step 3 – Set battle conditions | C30: Use the yellow Yes/No switches in rows 2–3. Shooting: Within Half Range (Melta, Rapid Fire), Attacker Stationary (Heavy), Target in Cover, Target Models (Blast), Attacker Damaged. Fighting: Charged This Turn (Lance), Target Models (Cleave), Attacker Damaged.
B31: Step 4 – Choose weapons | C31: Tick the Use box in column A next to each weapon you want included. Untick weapons the unit isn't firing or fighting with. In the Qty column (B) next to each tick box, enter how many of that weapon are being used (default 1) – attacks scale by this number.
B32: Step 5 – Rules and stratagems | C32: Scroll down to the Attacker panel (from row 32) and Target panel (from row 50). Tick any faction rules or stratagems that are active. You can tick as many as you like; their effects stack. The Attacker Effects and Target Effects cells in the top row show everything currently active.
B33: Step 6 – Read the results | C33: Each weapon row shows Attacks, Hits, Wounds, Mortal Wounds, Unsaved wounds, Damage and Models Killed. The totals for all ticked weapons are in P2:Q3 (Total Damage and Total Models Killed).
B35: 5. Adding faction rules and stratagems
B36: Faction Rules (AM:AP) | C36: On a faction tab, enter the Rule name, pick Applies To (Attacker = helps that faction's units attack, Target = helps them when being attacked), pick the Phase (Shooting, Fighting or Both), and write its effect in Modifier using the keyword format, e.g. Hit Modifier +1, Lethal Hits.
B37: Faction Stratagems (AR:AW) | C37: Same idea as Faction Rules, with a CP cost and notes column.
B38: Core stratagems | C38: Generic stratagems everyone can use are on the Keywords tab (Core Stratagems table) and appear on every faction's Sim panels automatically.
B40: 6. Army Roster (Roster tab)
B41: Step 1 – Your army | C41: Pick My Faction (C5), then in the My Army table tick Use and choose each unit. Leave Models blank to use the datasheet count, or enter a different unit size – damage and points scale by Models ÷ Datasheet Models.
B42: Step 2 – Opponent | C42: Set Opponent Mode (C12). Real roster: pick the Opponent Faction (C13), then tick and choose enemy units from that faction in the Real Roster table; stats fill in automatically and you can override Models or add Extra Mods. Generic profiles: tick and edit the benchmark stat lines and their weights.
B43: Step 3 – Conditions & army rules | C43: Phase (Shooting / Fighting / Both) and the Yes/No switches in C7:C11 apply to every unit. Tick army-wide rules and stratagems in the panel at N4 – they apply to every unit in the matching phase.
B44: Helper columns | C44: Grouped columns Z:BB hold the lists and calculation inputs used by the results tabs. Click + above the columns to expand; don't edit them.
B45: Step 4 – Read the Results tab | C45: Results shows: an Army Summary; 1) Kill Grid (expected models killed per unit vs each target, with army totals, one-turn wipe check and best unit); 2) % destroyed heat map with weighted average and % per 100 pts; 3) Gaps list; 4) Role Scores and spider chart (edit the blue benchmark profiles); 5) Toughness/Save coverage heat map; 6) Reverse Durability – how much of each of your units the opponent destroys (Real roster mode only). Phase Both = shoot then fight, kills added together. Charts: the Points Efficiency bar chart (next to Gaps) and the Role Profile spider chart. Heat maps run red (weak) to green (strong). On the Roster, the opponent section not in use is greyed out. Blue cells everywhere are inputs.
B47: 7. Good to know
B48: Averages, not dice | C48: Results are the average expected outcome, not a random roll. Random values use their average (D3 = 2, D6 = 3.5).
B49: Models Killed | C49: An estimate: each attack's damage is capped at the target's Wounds, so overkill isn't counted.
B50: Tick boxes stay put | C50: Tick boxes belong to the row, not the weapon or rule. Ticked rows are highlighted; a ticked row with nothing in it turns red, and the Check cell (R2) warns you. After changing unit, target or faction, glance down the ticks before reading results.
B51: Hidden helper columns | C51: The grouped columns to the right of the results (click + above the column letters) show the step-by-step working: keyword values, rolls needed to hit, wound and save. You don't need to edit them.
B52: Adding a new faction | C52: 1) Right-click an existing faction tab > Move or Copy > Create a copy, rename it and clear its data. 2) Add the new name to the Factions table on the Keywords tab (N2). 3) In Formulas > Name Manager, edit FACTIONBLOCK and add the new tab's range at the end, e.g. ,'New Faction'!$B$4:$AO$100 (same order as the Factions table). Everything else updates automatically.
B53: Not modelled | C53: Keywords that don't change damage (e.g. Assault, Deep Strike, Hazardous self-damage, Command Re-roll) are listed for reference but not included in the maths.
B55: 8. Approximations and limits
B56: Area | C56: How the simulator handles it | D56: What it means for you
B57: Random dice (D3, D6, 2D6, D6+1, D3-1) | C57: Uses the average result: D3 = 2, D6 = 3.5, D6+2 = 5.5, 2D6-1 = 6. Works in A, D and keyword values (e.g. Sustained Hits D3, Rapid Fire D6+1). | D57: Results are typical outcomes, not a dice roll. Real games will swing above and below.
B58: Random damage with a Damage Modifier | C58: The modifier is applied to the average, then kept at 1 or more (D3 with -1 = 1). | D58: Slightly understates damage. The true average of D3-1 (minimum 1) is 1.33.
B59: Overkill | C59: Each attack's damage is capped at the target's Wounds, using average damage. | D59: Close for fixed damage; approximate for random damage weapons.
B60: Models Killed | C60: Works out attacks needed per model kill and divides; wounds carried over between attacks or weapons are ignored. | D60: Treat as an estimate. Total Models Killed is capped at Target Models.
B61: Feel No Pain | C61: Reduces expected damage by the chance of passing each roll. | D61: Accurate for total damage; the kills estimate is approximate.
B62: Battle conditions | C62: Half range, stationary, cover, charged and damaged apply to every weapon on the tab. | D62: Untick weapons that don't meet the condition, or run them separately.
B63: Target Models | C63: Typed in manually; not linked to the unit's size. | D63: Update it to match the target unit for Blast, Cleave and the kills cap.
B64: Blank target stats | C64: Blank Toughness is treated as 1 and a blank save as 2+. | D64: Fill in every target stat or results will be misleading.
B65: One profile per target | C65: The target uses one set of T, W, Sv and invulnerable save. | D65: Mixed units (e.g. a Character leading a squad) are not split into groups.
B66: Re-rolls | C66: Full re-rolls re-roll every failure; Reroll 1s re-rolls only 1s. | D66: Command Re-roll (a single dice) and once-per-battle effects are not modelled.
B67: Not modelled | C67: Precision, Hazardous, Deadly Demise, movement and deployment abilities. | D67: Listed on the Keywords tab for reference only.
B68: Limits | C68: Up to 25 weapons per unit and 15 rules/stratagems per side. Unit names are looked up by name only. | D68: Give units unique names across all faction tabs.

Sheet Keywords
B2: Keyword | C2: Category | D2: Applies To | E2: Format | F2: Rule Summary | G2: Sim Step | H2: Modelled in Sim? | I2: Rule Ref | K2: Modifier Format Guide | N2: Faction
B3: Anti | C3: Weapon | D3: Both | E3: Anti-X Y+ | F3: Unmodified wound roll of Y+ is a Critical Wound vs targets with keyword X. | G3: Wound | H3: Yes | I3: 24.03 | K3: Rule | L3: Example | N3: DeathGuard
B4: Assault | C4: Weapon | D4: Ranged | E4: Assault | F4: Unit can use Assault Shooting (shoot after Advancing). | G4: None | H4: No | I4: 24.04 | K4: Use the exact name from the Keyword column | L4: Lethal Hits (not Lethal) | N4: Space Marines
B5: Blast | C5: Weapon | D5: Ranged | E5: Blast / Blast X | F5: +1 (or +X) attack dice per 5 models in the target unit (round down). | G5: Attacks | H5: Yes | I5: 24.05 | K5: Separate multiple keywords with a comma and space | L5: Blast, Lethal Hits | N5: Drukhari
B6: Cleave | C6: Weapon | D6: Melee | E6: Cleave X | F6: +X attack dice per 5 models in the target unit, if all attacks target one unit. | G6: Attacks | H6: Yes | I6: 24.06 | K6: Put a space before any value | L6: Melta 2, Rapid Fire 1, Sustained Hits 1 | N6: Daemons
B7: Close-Quarters | C7: Weapon | D7: Ranged | E7: Close-Quarters | F7: Unit can use Close-Quarters Shooting while engaged; limits weapon choice with other shooting types. | G7: None | H7: No | I7: 24.07 | K7: Anti: target keyword after a hyphen, then a space and the roll needed with + | L7: Anti-Infantry 2+ | N7: T'Au
B8: Devastating Wounds | C8: Weapon | D8: Both | E8: Devastating Wounds | F8: A Critical Wound ends the attack sequence and inflicts mortal wounds equal to the weapon's D. | G8: Save | H8: Yes | I8: 24.10 | K8: Feel No Pain (unit Modifiers): space, then roll needed with + | L8: Feel No Pain 5+ | N8: Imperial Guard
B9: Extra Attacks | C9: Weapon | D9: Melee | E9: Extra Attacks | F9: These weapons are used in addition to one other melee weapon. | G9: None | H9: No | I9: 24.11 | K9: Keywords with no value are written on their own | L9: Torrent, Heavy, Twin-Linked | N9: Sisters of Battle
B10: Hazardous | C10: Weapon | D10: Both | E10: Hazardous | F10: After attacking, make one hazard roll per Hazardous weapon selected. | G10: None | H10: No | I10: 24.15 | K10: Stat modifiers: name, space, then signed number (they stack) | L10: Hit Modifier +1, AP Modifier -1 | N10: Thousand Sons
B11: Heavy | C11: Weapon | D11: Ranged | E11: Heavy | F11: +1 to hit if unengaged, not set up this turn and no model moved more than 3". | G11: Hit | H11: Yes | I11: 24.16 | K11: Rerolls: full, or add 1 for re-rolling 1s only | L11: Reroll Hits, Reroll Wounds 1
B12: Ignores Cover | C12: Weapon | D12: Ranged | E12: Ignores Cover | F12: Target cannot gain the benefit of cover, so the attacker's BS is not worsened. | G12: Hit | H12: Yes | I12: 24.18 | K12: BS/WS and AP use the characteristic's own direction: -1 is better | L12: BS Modifier -1 (3+ to 2+), AP Modifier -1 (-1 to -2)
B13: Indirect Fire | C13: Weapon | D13: Ranged | E13: Indirect Fire | F13: Unit can use Indirect Shooting (no line of sight needed). | G13: None | H13: No | I13: 24.19 | K13: Critical Hits/Wounds: roll needed with + | L13: Critical Hits 5+, Critical Wounds 5+
B14: Lance | C14: Weapon | D14: Both | E14: Lance | F14: +1 to wound if the attacking unit charged this turn. | G14: Wound | H14: Yes | I14: 24.21 | K14: If the same keyword appears twice, the best value is used | L14: Sustained Hits 1 + Sustained Hits 2 = Sustained Hits 2
B15: Lethal Hits | C15: Weapon | D15: Both | E15: Lethal Hits | F15: A Critical Hit can automatically wound (no wound roll). | G15: Hit | H15: Yes | I15: 24.23
B16: Melta | C16: Weapon | D16: Ranged | E16: Melta X | F16: +X to D if the target is within half range. | G16: Damage | H16: Yes | I16: 24.25
B17: One Shot | C17: Weapon | D17: Both | E17: One Shot | F17: Weapon can only be used once per battle. | G17: None | H17: No | I17: 24.26
B18: Pistol | C18: Weapon | D18: Ranged | E18: Pistol | F18: Identical to Close-Quarters for all rules purposes (being phased out). | G18: None | H18: No | I18: 24.27
B19: Precision | C19: Weapon | D19: Both | E19: Precision | F19: Attacks can be allocated to a visible Character in the target unit first. | G19: None | H19: No | I19: 24.28
B20: Psychic | C20: Weapon | D20: Both | E20: Psychic | F20: Can ignore modifiers to BS/WS (including cover) and negative modifiers to the hit roll; counts as a psychic attack. | G20: Hit | H20: Yes | I20: 24.29
B21: Rapid Fire | C21: Weapon | D21: Ranged | E21: Rapid Fire X | F21: +X attack dice if the target is within half range. | G21: Attacks | H21: Yes | I21: 24.30
B22: Sustained Hits | C22: Weapon | D22: Both | E22: Sustained Hits X | F22: A Critical Hit scores X additional hits. | G22: Hit | H22: Yes | I22: 24.36
B23: Torrent | C23: Weapon | D23: Ranged | E23: Torrent | F23: Attacks automatically hit. Cannot also have Indirect Fire or Precision. | G23: Hit | H23: Yes | I23: 24.37
B24: Twin-Linked | C24: Weapon | D24: Both | E24: Twin-Linked | F24: Can re-roll the wound roll. | G24: Wound | H24: Yes | I24: 24.38
B25: Damaged | C25: Core | D25: Unit | E25: Damaged X | F25: While remaining wounds are X or fewer, the model's attacks get -1 to hit. | G25: Hit | H25: Yes | I25: 24.39
B26: Deadly Demise | C26: Core | D26: Unit | E26: Deadly Demise X | F26: When destroyed, on a 6 each unit within 6" suffers X mortal wounds. | G26: None | H26: No | I26: 24.08
... B53: Critical Wounds | C53: Stat | D53: Both | E53: Critical Wounds X+ | F53: Unmodified wound rolls of X+ are Critical Wounds (and always wound). Combines with Anti; lowest value applies. | G53: Wound | H53: Yes | I53: 05.02
B62: Core Stratagems
B63: Stratagem | C63: CP | D63: Applies To | E63: Phase | F63: Modifier | G63: Notes
B64: Command Re-roll | C64: 1 | D64: Attacker | E64: Both | G64: Re-roll one hit, wound, damage or attacks roll. A single re-roll isn't modelled in the averages.
B65: Epic Challenge | C65: 1 | D65: Attacker | E65: Fighting | F65: Precision | G65: One Character's melee weapons gain Precision. No effect on damage maths.
B66: Explosives | C66: 1 | D66: Attacker | E66: Shooting | G66: Separate grenade attack sequence; not modelled.
B67: Fire Overwatch | C67: 1 | D67: Attacker | E67: Shooting | F67: Snap Shooting | G67: Shoot using snap shooting: hits only on unmodified 6s, or 4+ if the unit remained stationary. No hit re-rolls.
B68: Counteroffensive | C68: 2 | D68: Attacker | E68: Fighting | G68: Unit gains Fights First. No effect on damage maths.
B69: Smokescreen | C69: 1 | D69: Target | E69: Shooting | F69: Stealth | G69: SMOKE unit gains the benefit of cover against ranged attacks.
B70: Insane Bravery | C70: 1 | D70: Attacker | E70: Other | G70: Auto-pass a battle-shock roll.
B71: Crushing Impact | C71: 1 | D71: Attacker | E71: Other | G71: Charge-phase mortal wounds from a Monster/Vehicle; not modelled.
B72: Rapid Ingress | C72: 1 | D72: Attacker | E72: Other | G72: Ingress move at end of opponent's Movement phase.
B73: Heroic Intervention | C73: 1 | D73: Attacker | E73: Other | G73: Charge at end of opponent's Charge phase.

Sheet Sim-Shooting
C2: Faction | E2: Within Half Range? | F2: Attacker Stationary? | G2: Target in Cover? | H2: Target Models | I2: Attacker Damaged? | J2: Attacker Effects | L2: Target Effects | P2: Total Damage | Q2: Total Models Killed | R2: Weapons in Use | S2: Check | AA2: Target FNP | AB2: Target Stealth | AC2: Attacker Rule Mods | AD2: Target Rule Mods | AE2: Target Faction | AF2: Target T Mod | AG2: Target Save Mod | AH2: Target Dmg Mod | AI2: Target Hit Mod | AJ2: Target Wound Mod | AK2: Target AP Mod
C3: DeathGuard | E3: Yes | F3: Yes | G3: No | H3: 10 | I3: No | J3: =IF($AC$3="","None ticked",$AC$3) -> None ticked | L3: =IF($AD$3="","None ticked",$AD$3) -> None ticked | P3: =SUM(W6:W30) -> 3.6666667 | Q3: =MIN($H$3,SUM(X6:X30)) -> 0.20842411 | R3: {=SUMPRODUCT(($C$6:$C$30<>"")*($A$6:$A$30=TRUE))&" of "&COUNTIF($C$6:$C$30,"?*")} -> 7 of 7 | S3: {=_xlfn.LET(_xlpm.nw,IFERROR(IF(INDEX(_xlfn.ANCHORARRAY($C$6),1)="",0,ROWS(_xlfn.ANCHORARRAY($C$6))),0),_xlpm.un,_xlfn._xlws.FILTER($C$6:$C$30,($C$6:$C$30<>"")*($A$6:$A$30=FALSE),""),_xlpm.ao,IFERROR(ROWS(OPTIONS($C$3,"Attacker","Shooting")),0),_xlpm.to,IFERROR(ROWS(OPTIONS($AE$3,"Target","Shooting")),0),_xlpm.bad,SUMPRODUCT(($A$34:$A$48=TRUE)*($C$34:$C$48=""))+SUMPRODUCT(($A$52:$A$66=TRUE)*($C$52:$C$66="")),_xlpm.w,_xlfn.TEXTJOIN(" | ",TRUE,IF($AE$3="","Target not found - pick a target in I4",""),IF(AND(_xlpm.nw>0,$AE$3<>"",OR(N($J$6)<=0,N($K$6)<=0,NOT(ISNUMBER($L$6)))),"Target is missing T, W or Sv",""),IF(_xlpm.nw>25,"Unit has "&_xlpm.nw&" weapons - only the first 25 are shown",""),IF(_xlpm.ao>15,"Attacker has "&_xlpm.ao&" rules/stratagems - only 15 shown",""),IF(_xlpm.to>15,"Target has "&_xlpm.to&" rules/stratagems - only 15 shown",""),IF(_xlpm.bad>0,_xlpm.bad&" ticked rule/stratagem row(s) are empty - untick them",""),IF(INDEX(_xlpm.un,1)<>"","Unticked: "&_xlfn.TEXTJOIN(", ",TRUE,_xlpm.un),"")),IF(_xlpm.w="","OK - after changing unit, target or faction, re-check your ticks",_xlpm.w))} -> OK - after changing unit, target or faction, re-check your ticks | AA3: {=_xlfn.LET(_xlpm.a,$N$6,_xlpm.b,KWMIN(($O$6&", "&$AD$3),"Feel No Pain"),MIN(IF(AND(ISNUMBER(_xlpm.a),_xlpm.a>=2,_xlpm.a<=6),_xlpm.a,7),IF(ISNUMBER(_xlpm.b),_xlpm.b,7)))} -> 7 | AB3: {=KW(($O$6&", "&$AD$3),"Stealth")=TRUE} -> FALSE | AC3: {=_xlfn.TEXTJOIN(", ",TRUE,_xlfn._xlws.FILTER($E$34:$E$48,($A$34:$A$48=TRUE)*($C$34:$C$48<>""),""))} | AD3: {=_xlfn.TEXTJOIN(", ",TRUE,_xlfn._xlws.FILTER($E$52:$E$66,($A$52:$A$66=TRUE)*($C$52:$C$66<>""),""))} | AE3: =IFERROR(_xlfn.TEXTBEFORE(_xlfn.TEXTAFTER($J$4," (",-1),")",-1),"") -> Imperial Guard | AF3: {=KWSUM(($O$6&", "&$AD$3),"Toughness Modifier")} -> 0 | AG3: {=KWSUM(($O$6&", "&$AD$3),"Save Modifier")} -> 0 | AH3: {=KWSUM(($O$6&", "&$AD$3),"Damage Modifier")} -> 0 | AI3: {=KWSUM(($O$6&", "&$AD$3),"Hit Modifier")} -> 0 | AJ3: {=KWSUM(($O$6&", "&$AD$3),"Wound Modifier")} -> 0 | AK3: {=KWSUM(($O$6&", "&$AD$3),"AP Modifier")} -> 0
C4: Plague Marines (Ranged) | J4: Rogal Dorn Battle Tank (Imperial Guard) | P4: Results | AA4: Keyword Values (helper columns)
A5: Use | B5: Qty | C5: Weapon | D5: A | E5: BS | F5: S | G5: AP | H5: D | I5: Modifier | J5: T | K5: W | L5: Sv | M5: InSv | N5: FNP | O5: Modifiers | P5: Attacks | Q5: Hits | R5: Auto Wounds | S5: Wounds | T5: Mortal Wounds | U5: Unsaved | V5: Dmg per Attack | W5: Total Damage | X5: Models Killed | Y5: Summary | AA5: Torrent | AB5: Lethal Hits | AC5: Sustained Hits | AD5: Dev Wounds | AE5: Twin-Linked | AF5: Lance | AG5: Heavy | AH5: Rapid Fire | AI5: Blast | AJ5: Cleave | AK5: Melta | AL5: Ignores Cover | AM5: Psychic | AN5: Crit Wound On | AO5: Hit Need | AP5: Wound Need | AQ5: Save Need | AR5: Attacks per Kill | AS5: Hit Mod | AT5: Wound Mod | AU5: AP Mod | AV5: Dmg Mod | AW5: Hit Reroll | AX5: Wound Reroll | AY5: Crit Hit Chance | AZ5: Attacks Mod | BA5: Strength Mod | BB5: BS Mod | BC5: Crit Hit On | BD5: Save Mod (Attacker) | BF5: Ranged Units | BH5: Target Units
A6: TRUE | B6: 2 | C6: {=IFERROR(_xlfn.LET(_xlpm.k,_xlfn.XMATCH(TRIM($C$3),Factions[Faction]),_xlpm.u,$C$4,_xlpm.blk,FACTIONBLOCK(_xlpm.k),_xlpm.srcUnit,_xlfn.CHOOSECOLS(_xlpm.blk,1),_xlpm.srcWeapon,_xlfn.CHOOSECOLS(_xlpm.blk,16),_xlpm.srcType,_xlfn.CHOOSECOLS(_xlpm.blk,17),_xlpm.unitFill,_xlfn.SCAN("",_xlpm.srcUnit,_xlfn.LAMBDA(_xlpm.a,_xlpm.v,IF(_xlpm.v<>"",_xlpm.v,_xlpm.a))),_xlpm.names,_xlfn._xlws.FILTER(_xlpm.srcWeapon,(_xlpm.unitFill=_xlpm.u)*(_xlpm.srcWeapon<>"")*(_xlpm.srcType="Ranged")),_xlpm.stats,_xlfn.CHOOSECOLS(_xlpm.blk,_xlfn.SEQUENCE(1,7,20)),_xlpm.statNames,_xlfn.CHOOSECOLS(_xlpm.blk,20),_xlpm.idx,_xlfn.XMATCH(_xlpm.names,_xlpm.statNames),_xlpm.res,_xlfn.CHOOSEROWS(_xlpm.stats,_xlfn._xlws.FILTER(_xlpm.idx,ISNUMBER(_xlpm.idx))),IF(_xlpm.res="","",_xlpm.res)),"")} -> Blight Launcher | D6: D3 | E6: 3 | F6: 6 | G6: -1 | H6: 2 | I6: Blast, Lethal Hits | J6: {=IF($C$6="","",_xlfn.XLOOKUP($J$4,_xlfn.CHOOSECOLS(AllTargets,1),_xlfn.CHOOSECOLS(AllTargets,COLUMN()-COLUMN($I$6)+1),""))} -> 12 | K6: {=IF($C$6="","",_xlfn.XLOOKUP($J$4,_xlfn.CHOOSECOLS(AllTargets,1),_xlfn.CHOOSECOLS(AllTargets,COLUMN()-COLUMN($I$6)+1),""))} -> 17 | L6: {=IF($C$6="","",_xlfn.XLOOKUP($J$4,_xlfn.CHOOSECOLS(AllTargets,1),_xlfn.CHOOSECOLS(AllTargets,COLUMN()-COLUMN($I$6)+1),""))} -> 2 | M6: {=IF($C$6="","",_xlfn.XLOOKUP($J$4,_xlfn.CHOOSECOLS(AllTargets,1),_xlfn.CHOOSECOLS(AllTargets,COLUMN()-COLUMN($I$6)+1),""))} -> - | N6: {=IF($C$6="","",_xlfn.XLOOKUP($J$4,_xlfn.CHOOSECOLS(AllTargets,1),_xlfn.CHOOSECOLS(AllTargets,COLUMN()-COLUMN($I$6)+1),""))} -> - | O6: {=IF($C$6="","",_xlfn.XLOOKUP($J$4,_xlfn.CHOOSECOLS(AllTargets,1),_xlfn.CHOOSECOLS(AllTargets,COLUMN()-COLUMN($I$6)+1),""))} | P6: {=IF(OR($C6="",NOT($A6)),"",N($B6)*(MAX(1,DICEAVG($D6)+$AZ6)+$AH6*($E$3="Yes")+($AI6+$AJ6)*INT($H$3/5)))} -> 8 | Q6: =IF(OR($C6="",NOT($A6)),"",IF($AA6,$P6,_xlfn.LET(_xlpm.p,MAX((7-$AO6)/6,(7-$BC6)/6),_xlpm.ph,IF($AW6=2,_xlpm.p+(1-_xlpm.p)*_xlpm.p,IF($AW6=1,_xlpm.p+_xlpm.p/6,_xlpm.p)),$P6*_xlpm.ph+$P6*$AY6*$AC6))) -> 5.3333333 | R6: =IF(OR($C6="",NOT($A6)),"",IF(AND($AB6,NOT($AA6)),$P6*$AY6,0)) -> 1.3333333 | S6: =IF(OR($C6="",NOT($A6)),"",_xlfn.LET(_xlpm.n,$Q6-$R6,_xlpm.pW,(7-$AP6)/6,_xlpm.pC,(7-$AN6)/6,_xlpm.pT,MAX(_xlpm.pW,_xlpm.pC),_xlpm.rr,$AX6,_xlpm.n*IF(_xlpm.rr=2,1-(1-_xlpm.pT)^2,IF(_xlpm.rr=1,_xlpm.pT+_xlpm.pT/6,_xlpm.pT))+$R6)) -> 2 | T6: =IF(OR($C6="",NOT($A6)),"",IF($AD6,_xlfn.LET(_xlpm.n,$Q6-$R6,_xlpm.pW,(7-$AP6)/6,_xlpm.pC,(7-$AN6)/6,_xlpm.pT,MAX(_xlpm.pW,_xlpm.pC),_xlpm.rr,$AX6,_xlpm.n*IF(_xlpm.rr=2,_xlpm.pC+(1-_xlpm.pT)*_xlpm.pC,IF(_xlpm.rr=1,_xlpm.pC+_xlpm.pC/6,_xlpm.pC))),0)) -> 0 | U6: =IF(OR($C6="",NOT($A6)),"",($S6-$T6)*($AQ6-1)/6) -> 0.66666667 | V6: {=IF(OR($C6="",NOT($A6)),"",MAX(1,DICEAVG($H6)+$AK6*($E$3="Yes")+$AV6+$AH$3))} -> 2 | W6: =IF(OR($C6="",NOT($A6)),"",($U6+$T6)*IF(N($K$6)>0,MIN($V6,$K$6),$V6)*($AA$3-1)/6) -> 1.3333333 | X6: =IF(OR($C6="",NOT($A6),$AR6=""),"",MIN($H$3,($U6+$T6)/$AR6)) -> 0.074074074 | Y6: =IF(OR($C6="",NOT($A6)),"",TEXT($W6,"0.00")&" dmg"&IF($X6="","",", "&TEXT($X6,"0.00")&" kills")) -> 1.33 dmg, 0.07 kills | AA6: {=IF($C6="","",KW(($I6&", "&$AC$3),"Torrent")=TRUE)} -> FALSE | AB6: {=IF($C6="","",KW(($I6&", "&$AC$3),"Lethal Hits")=TRUE)} -> TRUE | AC6: {=IF($C6="","",N(KW(($I6&", "&$AC$3),"Sustained Hits")))} -> 0 | AD6: {=IF($C6="","",KW(($I6&", "&$AC$3),"Devastating Wounds")=TRUE)} -> FALSE | AE6: {=IF($C6="","",KW(($I6&", "&$AC$3),"Twin-Linked")=TRUE)} -> FALSE | AF6: {=IF($C6="","",KW(($I6&", "&$AC$3),"Lance")=TRUE)} -> FALSE | AG6: {=IF($C6="","",KW(($I6&", "&$AC$3),"Heavy")=TRUE)} -> FALSE | AH6: {=IF($C6="","",N(KW(($I6&", "&$AC$3),"Rapid Fire")))} -> 0 | AI6: {=IF($C6="","",N(KW(($I6&", "&$AC$3),"Blast")))} -> 1 | AJ6: {=IF($C6="","",N(KW(($I6&", "&$AC$3),"Cleave")))} -> 0 | AK6: {=IF($C6="","",N(KW(($I6&", "&$AC$3),"Melta")))} -> 0 | AL6: {=IF($C6="","",KW(($I6&", "&$AC$3),"Ignores Cover")=TRUE)} -> FALSE | AM6: {=IF($C6="","",KW(($I6&", "&$AC$3),"Psychic")=TRUE)} -> FALSE | AN6: {=IF($C6="","",_xlfn.LET(_xlpm.src,$I6&", "&$AC$3,_xlpm.a,KWANTI(_xlpm.src,($O$6&", "&$AD$3)),_xlpm.c,KWMIN(_xlpm.src,"Critical Wounds"),MIN(_xlpm.a,IF(ISNUMBER(_xlpm.c),MEDIAN(2,6,_xlpm.c),6))))} -> 6 | AO6: {=IF($C6="","",IF($AA6,0,_xlfn.LET(_xlpm.src,$I6&", "&$AC$3,_xlpm.stat,$F$3="Yes",IF(KW(_xlpm.src,"Snap Shooting")=TRUE,IF(_xlpm.stat,4,6),_xlfn.LET(_xlpm.psy,$AM6,_xlpm.hv,$AG6*_xlpm.stat,_xlpm.dmg,-($I$3="Yes"),_xlpm.am,$AS6,_xlpm.tm,$AI$3,_xlpm.mods,IF(_xlpm.psy,MAX(0,_xlpm.hv)+MAX(0,_xlpm.am)+MAX(0,_xlpm.tm),_xlpm.hv+_xlpm.dmg+_xlpm.am+_xlpm.tm),_xlpm.cov,AND(OR($G$3="Yes",$AB$3),NOT($AL6),NOT(_xlpm.psy)),_xlpm.bs,MIN(6,MAX(2,$E6+IF(_xlpm.psy,MIN(0,$BB6),$BB6+_xlpm.cov))),MEDIAN(2,6,_xlpm.bs-MAX(-1,MIN(1,_xlpm.mods))))))))} -> 3 | AP6: =IF($C6="","",_xlfn.LET(_xlpm.s,MAX(1,$F6+$BA6),_xlpm.t,MAX(1,N($J$6)+$AF$3),_xlpm.base,7-(1+(_xlpm.s>=2*_xlpm.t)+(_xlpm.s>_xlpm.t)+(_xlpm.s>=_xlpm.t)+(_xlpm.s>_xlpm.t/2)),MEDIAN(2,6,_xlpm.base-MAX(-1,MIN(1,$AT6+$AJ$3))))) -> 6 | AQ6: =IF($C6="","",_xlfn.LET(_xlpm.ap,MIN(0,$G6+$AU6+$AK$3),_xlpm.arm,$L$6-_xlpm.ap-$AG$3-$BD6,_xlpm.inv,IF(ISNUMBER($M$6),$M$6,7),MEDIAN(2,7,MIN(_xlpm.arm,_xlpm.inv)))) -> 3 | AR6: =IF(OR($C6="",N($K$6)<=0),"",ROUNDUP($K$6/MIN($V6,$K$6),0)/(($AA$3-1)/6)) -> 9 | AS6: {=IF($C6="","",KWSUM(($I6&", "&$AC$3),"Hit Modifier"))} -> 0 | AT6: {=IF($C6="","",KWSUM(($I6&", "&$AC$3),"Wound Modifier"))} -> 0 | AU6: {=IF($C6="","",KWSUM(($I6&", "&$AC$3),"AP Modifier"))} -> 0 | AV6: {=IF($C6="","",KWSUM(($I6&", "&$AC$3),"Damage Modifier"))} -> 0 | AW6: {=IF($C6="","",_xlfn.LET(_xlpm.src,$I6&", "&$AC$3,IF(KW(_xlpm.src,"Snap Shooting")=TRUE,0,_xlfn.LET(_xlpm.full,ISNUMBER(_xlfn.XMATCH("Reroll Hits",TRIM(_xlfn.TEXTSPLIT(_xlpm.src,",")))),_xlpm.r,KW(_xlpm.src,"Reroll Hits"),IF(_xlpm.full,2,IF(N(_xlpm.r)>=1,1,0))))))} -> 0 | AX6: {=IF($C6="","",_xlfn.LET(_xlpm.src,$I6&", "&$AC$3,_xlpm.full,OR($AE6,ISNUMBER(_xlfn.XMATCH("Reroll Wounds",TRIM(_xlfn.TEXTSPLIT(_xlpm.src,","))))),_xlpm.r,KW(_xlpm.src,"Reroll Wounds"),IF(_xlpm.full,2,IF(N(_xlpm.r)>=1,1,0))))} -> 0 | AY6: =IF($C6="","",IF($AA6,0,_xlfn.LET(_xlpm.pc,(7-$BC6)/6,_xlpm.p,MAX((7-$AO6)/6,_xlpm.pc),IF($AW6=2,_xlpm.pc+(1-_xlpm.p)*_xlpm.pc,IF($AW6=1,_xlpm.pc+_xlpm.pc/6,_xlpm.pc))))) -> 0.16666667 | AZ6: {=IF($C6="","",KWSUM($I6&", "&$AC$3,"Attacks Modifier"))} -> 0 | BA6: {=IF($C6="","",KWSUM($I6&", "&$AC$3,"Strength Modifier"))} -> 0 | BB6: {=IF($C6="","",KWSUM($I6&", "&$AC$3,"BS Modifier"))} -> 0 | BC6: {=IF($C6="","",_xlfn.LET(_xlpm.src,$I6&", "&$AC$3,_xlpm.c,KWMIN(_xlpm.src,"Critical Hits"),IF(KW(_xlpm.src,"Snap Shooting")=TRUE,6,IF(ISNUMBER(_xlpm.c),MEDIAN(2,6,_xlpm.c),6))))} -> 6 | BD6: {=IF($C6="","",KWSUM($I6&", "&$AC$3,"Save Modifier"))} -> 0 | BF6: {=_xlfn.LET(_xlpm.k,_xlfn.XMATCH(TRIM($C$3),Factions[Faction]),_xlpm.blk,FACTIONBLOCK(_xlpm.k),_xlpm.unitFill,_xlfn.SCAN("",_xlfn.CHOOSECOLS(_xlpm.blk,1),_xlfn.LAMBDA(_xlpm.a,_xlpm.v,IF(_xlpm.v<>"",_xlpm.v,_xlpm.a))),IFERROR(_xlfn.UNIQUE(_xlfn._xlws.FILTER(_xlpm.unitFill,(_xlpm.unitFill<>"")*(_xlfn.CHOOSECOLS(_xlpm.blk,17)="Ranged"))),"No ranged units"))} -> Myphitic Blight Hauler | BH6: {=_xlfn.LET(_xlpm.n,_xlfn.CHOOSECOLS(AllTargets,1),_xlfn.UNIQUE(_xlfn._xlws.FILTER(_xlpm.n,_xlpm.n<>"")))} -> Myphitic Blight Hauler (DeathGuard)
A7: TRUE | B7: 3 | C7: Boltgun | D7: 2 | E7: 3 | F7: 5 | G7: -1 | H7: 1 | I7: Lethal Hits | P7: {=IF(OR($C7="",NOT($A7)),"",N($B7)*(MAX(1,DICEAVG($D7)+$AZ7)+$AH7*($E$3="Yes")+($AI7+$AJ7)*INT($H$3/5)))} -> 6 | Q7: =IF(OR($C7="",NOT($A7)),"",IF($AA7,$P7,_xlfn.LET(_xlpm.p,MAX((7-$AO7)/6,(7-$BC7)/6),_xlpm.ph,IF($AW7=2,_xlpm.p+(1-_xlpm.p)*_xlpm.p,IF($AW7=1,_xlpm.p+_xlpm.p/6,_xlpm.p)),$P7*_xlpm.ph+$P7*$AY7*$AC7))) -> 4 | R7: =IF(OR($C7="",NOT($A7)),"",IF(AND($AB7,NOT($AA7)),$P7*$AY7,0)) -> 1 | S7: =IF(OR($C7="",NOT($A7)),"",_xlfn.LET(_xlpm.n,$Q7-$R7,_xlpm.pW,(7-$AP7)/6,_xlpm.pC,(7-$AN7)/6,_xlpm.pT,MAX(_xlpm.pW,_xlpm.pC),_xlpm.rr,$AX7,_xlpm.n*IF(_xlpm.rr=2,1-(1-_xlpm.pT)^2,IF(_xlpm.rr=1,_xlpm.pT+_xlpm.pT/6,_xlpm.pT))+$R7)) -> 1.5 | T7: =IF(OR($C7="",NOT($A7)),"",IF($AD7,_xlfn.LET(_xlpm.n,$Q7-$R7,_xlpm.pW,(7-$AP7)/6,_xlpm.pC,(7-$AN7)/6,_xlpm.pT,MAX(_xlpm.pW,_xlpm.pC),_xlpm.rr,$AX7,_xlpm.n*IF(_xlpm.rr=2,_xlpm.pC+(1-_xlpm.pT)*_xlpm.pC,IF(_xlpm.rr=1,_xlpm.pC+_xlpm.pC/6,_xlpm.pC))),0)) -> 0 | U7: =IF(OR($C7="",NOT($A7)),"",($S7-$T7)*($AQ7-1)/6) -> 0.5 | V7: {=IF(OR($C7="",NOT($A7)),"",MAX(1,DICEAVG($H7)+$AK7*($E$3="Yes")+$AV7+$AH$3))} -> 1 | W7: =IF(OR($C7="",NOT($A7)),"",($U7+$T7)*IF(N($K$6)>0,MIN($V7,$K$6),$V7)*($AA$3-1)/6) -> 0.5 | X7: =IF(OR($C7="",NOT($A7),$AR7=""),"",MIN($H$3,($U7+$T7)/$AR7)) -> 0.029411765 | Y7: =IF(OR($C7="",NOT($A7)),"",TEXT($W7,"0.00")&" dmg"&IF($X7="","",", "&TEXT($X7,"0.00")&" kills")) -> 0.50 dmg, 0.03 kills | AA7: {=IF($C7="","",KW(($I7&", "&$AC$3),"Torrent")=TRUE)} -> FALSE | AB7: {=IF($C7="","",KW(($I7&", "&$AC$3),"Lethal Hits")=TRUE)} -> TRUE | AC7: {=IF($C7="","",N(KW(($I7&", "&$AC$3),"Sustained Hits")))} -> 0 | AD7: {=IF($C7="","",KW(($I7&", "&$AC$3),"Devastating Wounds")=TRUE)} -> FALSE | AE7: {=IF($C7="","",KW(($I7&", "&$AC$3),"Twin-Linked")=TRUE)} -> FALSE | AF7: {=IF($C7="","",KW(($I7&", "&$AC$3),"Lance")=TRUE)} -> FALSE | AG7: {=IF($C7="","",KW(($I7&", "&$AC$3),"Heavy")=TRUE)} -> FALSE | AH7: {=IF($C7="","",N(KW(($I7&", "&$AC$3),"Rapid Fire")))} -> 0 | AI7: {=IF($C7="","",N(KW(($I7&", "&$AC$3),"Blast")))} -> 0 | AJ7: {=IF($C7="","",N(KW(($I7&", "&$AC$3),"Cleave")))} -> 0 | AK7: {=IF($C7="","",N(KW(($I7&", "&$AC$3),"Melta")))} -> 0 | AL7: {=IF($C7="","",KW(($I7&", "&$AC$3),"Ignores Cover")=TRUE)} -> FALSE | AM7: {=IF($C7="","",KW(($I7&", "&$AC$3),"Psychic")=TRUE)} -> FALSE | AN7: {=IF($C7="","",_xlfn.LET(_xlpm.src,$I7&", "&$AC$3,_xlpm.a,KWANTI(_xlpm.src,($O$6&", "&$AD$3)),_xlpm.c,KWMIN(_xlpm.src,"Critical Wounds"),MIN(_xlpm.a,IF(ISNUMBER(_xlpm.c),MEDIAN(2,6,_xlpm.c),6))))} -> 6 | AO7: {=IF($C7="","",IF($AA7,0,_xlfn.LET(_xlpm.src,$I7&", "&$AC$3,_xlpm.stat,$F$3="Yes",IF(KW(_xlpm.src,"Snap Shooting")=TRUE,IF(_xlpm.stat,4,6),_xlfn.LET(_xlpm.psy,$AM7,_xlpm.hv,$AG7*_xlpm.stat,_xlpm.dmg,-($I$3="Yes"),_xlpm.am,$AS7,_xlpm.tm,$AI$3,_xlpm.mods,IF(_xlpm.psy,MAX(0,_xlpm.hv)+MAX(0,_xlpm.am)+MAX(0,_xlpm.tm),_xlpm.hv+_xlpm.dmg+_xlpm.am+_xlpm.tm),_xlpm.cov,AND(OR($G$3="Yes",$AB$3),NOT($AL7),NOT(_xlpm.psy)),_xlpm.bs,MIN(6,MAX(2,$E7+IF(_xlpm.psy,MIN(0,$BB7),$BB7+_xlpm.cov))),MEDIAN(2,6,_xlpm.bs-MAX(-1,MIN(1,_xlpm.mods))))))))} -> 3 | AP7: =IF($C7="","",_xlfn.LET(_xlpm.s,MAX(1,$F7+$BA7),_xlpm.t,MAX(1,N($J$6)+$AF$3),_xlpm.base,7-(1+(_xlpm.s>=2*_xlpm.t)+(_xlpm.s>_xlpm.t)+(_xlpm.s>=_xlpm.t)+(_xlpm.s>_xlpm.t/2)),MEDIAN(2,6,_xlpm.base-MAX(-1,MIN(1,$AT7+$AJ$3))))) -> 6 | AQ7: =IF($C7="","",_xlfn.LET(_xlpm.ap,MIN(0,$G7+$AU7+$AK$3),_xlpm.arm,$L$6-_xlpm.ap-$AG$3-$BD7,_xlpm.inv,IF(ISNUMBER($M$6),$M$6,7),MEDIAN(2,7,MIN(_xlpm.arm,_xlpm.inv)))) -> 3 | AR7: =IF(OR($C7="",N($K$6)<=0),"",ROUNDUP($K$6/MIN($V7,$K$6),0)/(($AA$3-1)/6)) -> 17 | AS7: {=IF($C7="","",KWSUM(($I7&", "&$AC$3),"Hit Modifier"))} -> 0 | AT7: {=IF($C7="","",KWSUM(($I7&", "&$AC$3),"Wound Modifier"))} -> 0 | AU7: {=IF($C7="","",KWSUM(($I7&", "&$AC$3),"AP Modifier"))} -> 0 | AV7: {=IF($C7="","",KWSUM(($I7&", "&$AC$3),"Damage Modifier"))} -> 0 | AW7: {=IF($C7="","",_xlfn.LET(_xlpm.src,$I7&", "&$AC$3,IF(KW(_xlpm.src,"Snap Shooting")=TRUE,0,_xlfn.LET(_xlpm.full,ISNUMBER(_xlfn.XMATCH("Reroll Hits",TRIM(_xlfn.TEXTSPLIT(_xlpm.src,",")))),_xlpm.r,KW(_xlpm.src,"Reroll Hits"),IF(_xlpm.full,2,IF(N(_xlpm.r)>=1,1,0))))))} -> 0 | AX7: {=IF($C7="","",_xlfn.LET(_xlpm.src,$I7&", "&$AC$3,_xlpm.full,OR($AE7,ISNUMBER(_xlfn.XMATCH("Reroll Wounds",TRIM(_xlfn.TEXTSPLIT(_xlpm.src,","))))),_xlpm.r,KW(_xlpm.src,"Reroll Wounds"),IF(_xlpm.full,2,IF(N(_xlpm.r)>=1,1,0))))} -> 0 | AY7: =IF($C7="","",IF($AA7,0,_xlfn.LET(_xlpm.pc,(7-$BC7)/6,_xlpm.p,MAX((7-$AO7)/6,_xlpm.pc),IF($AW7=2,_xlpm.pc+(1-_xlpm.p)*_xlpm.pc,IF($AW7=1,_xlpm.pc+_xlpm.pc/6,_xlpm.pc))))) -> 0.16666667 | AZ7: {=IF($C7="","",KWSUM($I7&", "&$AC$3,"Attacks Modifier"))} -> 0 | BA7: {=IF($C7="","",KWSUM($I7&", "&$AC$3,"Strength Modifier"))} -> 0 | BB7: {=IF($C7="","",KWSUM($I7&", "&$AC$3,"BS Modifier"))} -> 0 | BC7: {=IF($C7="","",_xlfn.LET(_xlpm.src,$I7&", "&$AC$3,_xlpm.c,KWMIN(_xlpm.src,"Critical Hits"),IF(KW(_xlpm.src,"Snap Shooting")=TRUE,6,IF(ISNUMBER(_xlpm.c),MEDIAN(2,6,_xlpm.c),6))))} -> 6 | BD7: {=IF($C7="","",KWSUM($I7&", "&$AC$3,"Save Modifier"))} -> 0 | BF7: Plague Marines (Ranged) | BH7: Plague Marines (Ranged) (DeathGuard)
A8: TRUE | B8: 2 | C8: Plague Spewer | D8: D6 | E8: - | F8: 5 | G8: -1 | H8: 1 | I8: Anti-Infantry 2+, Torrent | P8: {=IF(OR($C8="",NOT($A8)),"",N($B8)*(MAX(1,DICEAVG($D8)+$AZ8)+$AH8*($E$3="Yes")+($AI8+$AJ8)*INT($H$3/5)))} -> 7 | Q8: =IF(OR($C8="",NOT($A8)),"",IF($AA8,$P8,_xlfn.LET(_xlpm.p,MAX((7-$AO8)/6,(7-$BC8)/6),_xlpm.ph,IF($AW8=2,_xlpm.p+(1-_xlpm.p)*_xlpm.p,IF($AW8=1,_xlpm.p+_xlpm.p/6,_xlpm.p)),$P8*_xlpm.ph+$P8*$AY8*$AC8))) -> 7 | R8: =IF(OR($C8="",NOT($A8)),"",IF(AND($AB8,NOT($AA8)),$P8*$AY8,0)) -> 0 | S8: =IF(OR($C8="",NOT($A8)),"",_xlfn.LET(_xlpm.n,$Q8-$R8,_xlpm.pW,(7-$AP8)/6,_xlpm.pC,(7-$AN8)/6,_xlpm.pT,MAX(_xlpm.pW,_xlpm.pC),_xlpm.rr,$AX8,_xlpm.n*IF(_xlpm.rr=2,1-(1-_xlpm.pT)^2,IF(_xlpm.rr=1,_xlpm.pT+_xlpm.pT/6,_xlpm.pT))+$R8)) -> 1.1666667 | T8: =IF(OR($C8="",NOT($A8)),"",IF($AD8,_xlfn.LET(_xlpm.n,$Q8-$R8,_xlpm.pW,(7-$AP8)/6,_xlpm.pC,(7-$AN8)/6,_xlpm.pT,MAX(_xlpm.pW,_xlpm.pC),_xlpm.rr,$AX8,_xlpm.n*IF(_xlpm.rr=2,_xlpm.pC+(1-_xlpm.pT)*_xlpm.pC,IF(_xlpm.rr=1,_xlpm.pC+_xlpm.pC/6,_xlpm.pC))),0)) -> 0 | U8: =IF(OR($C8="",NOT($A8)),"",($S8-$T8)*($AQ8-1)/6) -> 0.38888889 | V8: {=IF(OR($C8="",NOT($A8)),"",MAX(1,DICEAVG($H8)+$AK8*($E$3="Yes")+$AV8+$AH$3))} -> 1 | W8: =IF(OR($C8="",NOT($A8)),"",($U8+$T8)*IF(N($K$6)>0,MIN($V8,$K$6),$V8)*($AA$3-1)/6) -> 0.38888889 | X8: =IF(OR($C8="",NOT($A8),$AR8=""),"",MIN($H$3,($U8+$T8)/$AR8)) -> 0.022875817 | Y8: =IF(OR($C8="",NOT($A8)),"",TEXT($W8,"0.00")&" dmg"&IF($X8="","",", "&TEXT($X8,"0.00")&" kills")) -> 0.39 dmg, 0.02 kills | AA8: {=IF($C8="","",KW(($I8&", "&$AC$3),"Torrent")=TRUE)} -> TRUE | AB8: {=IF($C8="","",KW(($I8&", "&$AC$3),"Lethal Hits")=TRUE)} -> FALSE | AC8: {=IF($C8="","",N(KW(($I8&", "&$AC$3),"Sustained Hits")))} -> 0 | AD8: {=IF($C8="","",KW(($I8&", "&$AC$3),"Devastating Wounds")=TRUE)} -> FALSE | AE8: {=IF($C8="","",KW(($I8&", "&$AC$3),"Twin-Linked")=TRUE)} -> FALSE | AF8: {=IF($C8="","",KW(($I8&", "&$AC$3),"Lance")=TRUE)} -> FALSE | AG8: {=IF($C8="","",KW(($I8&", "&$AC$3),"Heavy")=TRUE)} -> FALSE | AH8: {=IF($C8="","",N(KW(($I8&", "&$AC$3),"Rapid Fire")))} -> 0 | AI8: {=IF($C8="","",N(KW(($I8&", "&$AC$3),"Blast")))} -> 0 | AJ8: {=IF($C8="","",N(KW(($I8&", "&$AC$3),"Cleave")))} -> 0 | AK8: {=IF($C8="","",N(KW(($I8&", "&$AC$3),"Melta")))} -> 0 | AL8: {=IF($C8="","",KW(($I8&", "&$AC$3),"Ignores Cover")=TRUE)} -> FALSE | AM8: {=IF($C8="","",KW(($I8&", "&$AC$3),"Psychic")=TRUE)} -> FALSE | AN8: {=IF($C8="","",_xlfn.LET(_xlpm.src,$I8&", "&$AC$3,_xlpm.a,KWANTI(_xlpm.src,($O$6&", "&$AD$3)),_xlpm.c,KWMIN(_xlpm.src,"Critical Wounds"),MIN(_xlpm.a,IF(ISNUMBER(_xlpm.c),MEDIAN(2,6,_xlpm.c),6))))} -> 6 | AO8: {=IF($C8="","",IF($AA8,0,_xlfn.LET(_xlpm.src,$I8&", "&$AC$3,_xlpm.stat,$F$3="Yes",IF(KW(_xlpm.src,"Snap Shooting")=TRUE,IF(_xlpm.stat,4,6),_xlfn.LET(_xlpm.psy,$AM8,_xlpm.hv,$AG8*_xlpm.stat,_xlpm.dmg,-($I$3="Yes"),_xlpm.am,$AS8,_xlpm.tm,$AI$3,_xlpm.mods,IF(_xlpm.psy,MAX(0,_xlpm.hv)+MAX(0,_xlpm.am)+MAX(0,_xlpm.tm),_xlpm.hv+_xlpm.dmg+_xlpm.am+_xlpm.tm),_xlpm.cov,AND(OR($G$3="Yes",$AB$3),NOT($AL8),NOT(_xlpm.psy)),_xlpm.bs,MIN(6,MAX(2,$E8+IF(_xlpm.psy,MIN(0,$BB8),$BB8+_xlpm.cov))),MEDIAN(2,6,_xlpm.bs-MAX(-1,MIN(1,_xlpm.mods))))))))} -> 0 | AP8: =IF($C8="","",_xlfn.LET(_xlpm.s,MAX(1,$F8+$BA8),_xlpm.t,MAX(1,N($J$6)+$AF$3),_xlpm.base,7-(1+(_xlpm.s>=2*_xlpm.t)+(_xlpm.s>_xlpm.t)+(_xlpm.s>=_xlpm.t)+(_xlpm.s>_xlpm.t/2)),MEDIAN(2,6,_xlpm.base-MAX(-1,MIN(1,$AT8+$AJ$3))))) -> 6 | AQ8: =IF($C8="","",_xlfn.LET(_xlpm.ap,MIN(0,$G8+$AU8+$AK$3),_xlpm.arm,$L$6-_xlpm.ap-$AG$3-$BD8,_xlpm.inv,IF(ISNUMBER($M$6),$M$6,7),MEDIAN(2,7,MIN(_xlpm.arm,_xlpm.inv)))) -> 3 | AR8: =IF(OR($C8="",N($K$6)<=0),"",ROUNDUP($K$6/MIN($V8,$K$6),0)/(($AA$3-1)/6)) -> 17 | AS8: {=IF($C8="","",KWSUM(($I8&", "&$AC$3),"Hit Modifier"))} -> 0 | AT8: {=IF($C8="","",KWSUM(($I8&", "&$AC$3),"Wound Modifier"))} -> 0 | AU8: {=IF($C8="","",KWSUM(($I8&", "&$AC$3),"AP Modifier"))} -> 0 | AV8: {=IF($C8="","",KWSUM(($I8&", "&$AC$3),"Damage Modifier"))} -> 0 | AW8: {=IF($C8="","",_xlfn.LET(_xlpm.src,$I8&", "&$AC$3,IF(KW(_xlpm.src,"Snap Shooting")=TRUE,0,_xlfn.LET(_xlpm.full,ISNUMBER(_xlfn.XMATCH("Reroll Hits",TRIM(_xlfn.TEXTSPLIT(_xlpm.src,",")))),_xlpm.r,KW(_xlpm.src,"Reroll Hits"),IF(_xlpm.full,2,IF(N(_xlpm.r)>=1,1,0))))))} -> 0 | AX8: {=IF($C8="","",_xlfn.LET(_xlpm.src,$I8&", "&$AC$3,_xlpm.full,OR($AE8,ISNUMBER(_xlfn.XMATCH("Reroll Wounds",TRIM(_xlfn.TEXTSPLIT(_xlpm.src,","))))),_xlpm.r,KW(_xlpm.src,"Reroll Wounds"),IF(_xlpm.full,2,IF(N(_xlpm.r)>=1,1,0))))} -> 0 | AY8: =IF($C8="","",IF($AA8,0,_xlfn.LET(_xlpm.pc,(7-$BC8)/6,_xlpm.p,MAX((7-$AO8)/6,_xlpm.pc),IF($AW8=2,_xlpm.pc+(1-_xlpm.p)*_xlpm.pc,IF($AW8=1,_xlpm.pc+_xlpm.pc/6,_xlpm.pc))))) -> 0 | AZ8: {=IF($C8="","",KWSUM($I8&", "&$AC$3,"Attacks Modifier"))} -> 0 | BA8: {=IF($C8="","",KWSUM($I8&", "&$AC$3,"Strength Modifier"))} -> 0 | BB8: {=IF($C8="","",KWSUM($I8&", "&$AC$3,"BS Modifier"))} -> 0 | BC8: {=IF($C8="","",_xlfn.LET(_xlpm.src,$I8&", "&$AC$3,_xlpm.c,KWMIN(_xlpm.src,"Critical Hits"),IF(KW(_xlpm.src,"Snap Shooting")=TRUE,6,IF(ISNUMBER(_xlpm.c),MEDIAN(2,6,_xlpm.c),6))))} -> 6 | BD8: {=IF($C8="","",KWSUM($I8&", "&$AC$3,"Save Modifier"))} -> 0 | BF8: Deathshroud Terminators | BH8: Deathshroud Terminators (DeathGuard)
A9: TRUE | B9: 2 | C9: Plasma Gun - Standard | D9: 1 | E9: 3 | F9: 7 | G9: -2 | H9: 1 | I9: Rapid Fire 1 | P9: {=IF(OR($C9="",NOT($A9)),"",N($B9)*(MAX(1,DICEAVG($D9)+$AZ9)+$AH9*($E$3="Yes")+($AI9+$AJ9)*INT($H$3/5)))} -> 4 | Q9: =IF(OR($C9="",NOT($A9)),"",IF($AA9,$P9,_xlfn.LET(_xlpm.p,MAX((7-$AO9)/6,(7-$BC9)/6),_xlpm.ph,IF($AW9=2,_xlpm.p+(1-_xlpm.p)*_xlpm.p,IF($AW9=1,_xlpm.p+_xlpm.p/6,_xlpm.p)),$P9*_xlpm.ph+$P9*$AY9*$AC9))) -> 2.6666667 | R9: =IF(OR($C9="",NOT($A9)),"",IF(AND($AB9,NOT($AA9)),$P9*$AY9,0)) -> 0 | S9: =IF(OR($C9="",NOT($A9)),"",_xlfn.LET(_xlpm.n,$Q9-$R9,_xlpm.pW,(7-$AP9)/6,_xlpm.pC,(7-$AN9)/6,_xlpm.pT,MAX(_xlpm.pW,_xlpm.pC),_xlpm.rr,$AX9,_xlpm.n*IF(_xlpm.rr=2,1-(1-_xlpm.pT)^2,IF(_xlpm.rr=1,_xlpm.pT+_xlpm.pT/6,_xlpm.pT))+$R9)) -> 0.88888889 | T9: =IF(OR($C9="",NOT($A9)),"",IF($AD9,_xlfn.LET(_xlpm.n,$Q9-$R9,_xlpm.pW,(7-$AP9)/6,_xlpm.pC,(7-$AN9)/6,_xlpm.pT,MAX(_xlpm.pW,_xlpm.pC),_xlpm.rr,$AX9,_xlpm.n*IF(_xlpm.rr=2,_xlpm.pC+(1-_xlpm.pT)*_xlpm.pC,IF(_xlpm.rr=1,_xlpm.pC+_xlpm.pC/6,_xlpm.pC))),0)) -> 0 | U9: =IF(OR($C9="",NOT($A9)),"",($S9-$T9)*($AQ9-1)/6) -> 0.44444444 | V9: {=IF(OR($C9="",NOT($A9)),"",MAX(1,DICEAVG($H9)+$AK9*($E$3="Yes")+$AV9+$AH$3))} -> 1 | W9: =IF(OR($C9="",NOT($A9)),"",($U9+$T9)*IF(N($K$6)>0,MIN($V9,$K$6),$V9)*($AA$3-1)/6) -> 0.44444444 | X9: =IF(OR($C9="",NOT($A9),$AR9=""),"",MIN($H$3,($U9+$T9)/$AR9)) -> 0.026143791 | Y9: =IF(OR($C9="",NOT($A9)),"",TEXT($W9,"0.00")&" dmg"&IF($X9="","",", "&TEXT($X9,"0.00")&" kills")) -> 0.44 dmg, 0.03 kills | AA9: {=IF($C9="","",KW(($I9&", "&$AC$3),"Torrent")=TRUE)} -> FALSE | AB9: {=IF($C9="","",KW(($I9&", "&$AC$3),"Lethal Hits")=TRUE)} -> FALSE | AC9: {=IF($C9="","",N(KW(($I9&", "&$AC$3),"Sustained Hits")))} -> 0 | AD9: {=IF($C9="","",KW(($I9&", "&$AC$3),"Devastating Wounds")=TRUE)} -> FALSE | AE9: {=IF($C9="","",KW(($I9&", "&$AC$3),"Twin-Linked")=TRUE)} -> FALSE | AF9: {=IF($C9="","",KW(($I9&", "&$AC$3),"Lance")=TRUE)} -> FALSE | AG9: {=IF($C9="","",KW(($I9&", "&$AC$3),"Heavy")=TRUE)} -> FALSE | AH9: {=IF($C9="","",N(KW(($I9&", "&$AC$3),"Rapid Fire")))} -> 1 | AI9: {=IF($C9="","",N(KW(($I9&", "&$AC$3),"Blast")))} -> 0 | AJ9: {=IF($C9="","",N(KW(($I9&", "&$AC$3),"Cleave")))} -> 0 | AK9: {=IF($C9="","",N(KW(($I9&", "&$AC$3),"Melta")))} -> 0 | AL9: {=IF($C9="","",KW(($I9&", "&$AC$3),"Ignores Cover")=TRUE)} -> FALSE | AM9: {=IF($C9="","",KW(($I9&", "&$AC$3),"Psychic")=TRUE)} -> FALSE | AN9: {=IF($C9="","",_xlfn.LET(_xlpm.src,$I9&", "&$AC$3,_xlpm.a,KWANTI(_xlpm.src,($O$6&", "&$AD$3)),_xlpm.c,KWMIN(_xlpm.src,"Critical Wounds"),MIN(_xlpm.a,IF(ISNUMBER(_xlpm.c),MEDIAN(2,6,_xlpm.c),6))))} -> 6 | AO9: {=IF($C9="","",IF($AA9,0,_xlfn.LET(_xlpm.src,$I9&", "&$AC$3,_xlpm.stat,$F$3="Yes",IF(KW(_xlpm.src,"Snap Shooting")=TRUE,IF(_xlpm.stat,4,6),_xlfn.LET(_xlpm.psy,$AM9,_xlpm.hv,$AG9*_xlpm.stat,_xlpm.dmg,-($I$3="Yes"),_xlpm.am,$AS9,_xlpm.tm,$AI$3,_xlpm.mods,IF(_xlpm.psy,MAX(0,_xlpm.hv)+MAX(0,_xlpm.am)+MAX(0,_xlpm.tm),_xlpm.hv+_xlpm.dmg+_xlpm.am+_xlpm.tm),_xlpm.cov,AND(OR($G$3="Yes",$AB$3),NOT($AL9),NOT(_xlpm.psy)),_xlpm.bs,MIN(6,MAX(2,$E9+IF(_xlpm.psy,MIN(0,$BB9),$BB9+_xlpm.cov))),MEDIAN(2,6,_xlpm.bs-MAX(-1,MIN(1,_xlpm.mods))))))))} -> 3 | AP9: =IF($C9="","",_xlfn.LET(_xlpm.s,MAX(1,$F9+$BA9),_xlpm.t,MAX(1,N($J$6)+$AF$3),_xlpm.base,7-(1+(_xlpm.s>=2*_xlpm.t)+(_xlpm.s>_xlpm.t)+(_xlpm.s>=_xlpm.t)+(_xlpm.s>_xlpm.t/2)),MEDIAN(2,6,_xlpm.base-MAX(-1,MIN(1,$AT9+$AJ$3))))) -> 5 | AQ9: =IF($C9="","",_xlfn.LET(_xlpm.ap,MIN(0,$G9+$AU9+$AK$3),_xlpm.arm,$L$6-_xlpm.ap-$AG$3-$BD9,_xlpm.inv,IF(ISNUMBER($M$6),$M$6,7),MEDIAN(2,7,MIN(_xlpm.arm,_xlpm.inv)))) -> 4 | AR9: =IF(OR($C9="",N($K$6)<=0),"",ROUNDUP($K$6/MIN($V9,$K$6),0)/(($AA$3-1)/6)) -> 17 | AS9: {=IF($C9="","",KWSUM(($I9&", "&$AC$3),"Hit Modifier"))} -> 0 | AT9: {=IF($C9="","",KWSUM(($I9&", "&$AC$3),"Wound Modifier"))} -> 0 | AU9: {=IF($C9="","",KWSUM(($I9&", "&$AC$3),"AP Modifier"))} -> 0 | AV9: {=IF($C9="","",KWSUM(($I9&", "&$AC$3),"Damage Modifier"))} -> 0 | AW9: {=IF($C9="","",_xlfn.LET(_xlpm.src,$I9&", "&$AC$3,IF(KW(_xlpm.src,"Snap Shooting")=TRUE,0,_xlfn.LET(_xlpm.full,ISNUMBER(_xlfn.XMATCH("Reroll Hits",TRIM(_xlfn.TEXTSPLIT(_xlpm.src,",")))),_xlpm.r,KW(_xlpm.src,"Reroll Hits"),IF(_xlpm.full,2,IF(N(_xlpm.r)>=1,1,0))))))} -> 0 | AX9: {=IF($C9="","",_xlfn.LET(_xlpm.src,$I9&", "&$AC$3,_xlpm.full,OR($AE9,ISNUMBER(_xlfn.XMATCH("Reroll Wounds",TRIM(_xlfn.TEXTSPLIT(_xlpm.src,","))))),_xlpm.r,KW(_xlpm.src,"Reroll Wounds"),IF(_xlpm.full,2,IF(N(_xlpm.r)>=1,1,0))))} -> 0 | AY9: =IF($C9="","",IF($AA9,0,_xlfn.LET(_xlpm.pc,(7-$BC9)/6,_xlpm.p,MAX((7-$AO9)/6,_xlpm.pc),IF($AW9=2,_xlpm.pc+(1-_xlpm.p)*_xlpm.pc,IF($AW9=1,_xlpm.pc+_xlpm.pc/6,_xlpm.pc))))) -> 0.16666667 | AZ9: {=IF($C9="","",KWSUM($I9&", "&$AC$3,"Attacks Modifier"))} -> 0 | BA9: {=IF($C9="","",KWSUM($I9&", "&$AC$3,"Strength Modifier"))} -> 0 | BB9: {=IF($C9="","",KWSUM($I9&", "&$AC$3,"BS Modifier"))} -> 0 | BC9: {=IF($C9="","",_xlfn.LET(_xlpm.src,$I9&", "&$AC$3,_xlpm.c,KWMIN(_xlpm.src,"Critical Hits"),IF(KW(_xlpm.src,"Snap Shooting")=TRUE,6,IF(ISNUMBER(_xlpm.c),MEDIAN(2,6,_xlpm.c),6))))} -> 6 | BD9: {=IF($C9="","",KWSUM($I9&", "&$AC$3,"Save Modifier"))} -> 0 | BF9: Lord of Poxes | BH9: Lord of Contagion (DeathGuard)
A10: TRUE | B10: 1 | C10: Plasma Gun - Supercharged | D10: 1 | E10: 3 | F10: 8 | G10: -3 | H10: 2 | I10: Rapid Fire 1 | P10: {=IF(OR($C10="",NOT($A10)),"",N($B10)*(MAX(1,DICEAVG($D10)+$AZ10)+$AH10*($E$3="Yes")+($AI10+$AJ10)*INT($H$3/5)))} -> 2 | Q10: =IF(OR($C10="",NOT($A10)),"",IF($AA10,$P10,_xlfn.LET(_xlpm.p,MAX((7-$AO10)/6,(7-$BC10)/6),_xlpm.ph,IF($AW10=2,_xlpm.p+(1-_xlpm.p)*_xlpm.p,IF($AW10=1,_xlpm.p+_xlpm.p/6,_xlpm.p)),$P10*_xlpm.ph+$P10*$AY10*$AC10))) -> 1.3333333 | R10: =IF(OR($C10="",NOT($A10)),"",IF(AND($AB10,NOT($AA10)),$P10*$AY10,0)) -> 0 | S10: =IF(OR($C10="",NOT($A10)),"",_xlfn.LET(_xlpm.n,$Q10-$R10,_xlpm.pW,(7-$AP10)/6,_xlpm.pC,(7-$AN10)/6,_xlpm.pT,MAX(_xlpm.pW,_xlpm.pC),_xlpm.rr,$AX10,_xlpm.n*IF(_xlpm.rr=2,1-(1-_xlpm.pT)^2,IF(_xlpm.rr=1,_xlpm.pT+_xlpm.pT/6,_xlpm.pT))+$R10)) -> 0.44444444 | T10: =IF(OR($C10="",NOT($A10)),"",IF($AD10,_xlfn.LET(_xlpm.n,$Q10-$R10,_xlpm.pW,(7-$AP10)/6,_xlpm.pC,(7-$AN10)/6,_xlpm.pT,MAX(_xlpm.pW,_xlpm.pC),_xlpm.rr,$AX10,_xlpm.n*IF(_xlpm.rr=2,_xlpm.pC+(1-_xlpm.pT)*_xlpm.pC,IF(_xlpm.rr=1,_xlpm.pC+_xlpm.pC/6,_xlpm.pC))),0)) -> 0 | U10: =IF(OR($C10="",NOT($A10)),"",($S10-$T10)*($AQ10-1)/6) -> 0.2962963 | V10: {=IF(OR($C10="",NOT($A10)),"",MAX(1,DICEAVG($H10)+$AK10*($E$3="Yes")+$AV10+$AH$3))} -> 2 | W10: =IF(OR($C10="",NOT($A10)),"",($U10+$T10)*IF(N($K$6)>0,MIN($V10,$K$6),$V10)*($AA$3-1)/6) -> 0.59259259 | X10: =IF(OR($C10="",NOT($A10),$AR10=""),"",MIN($H$3,($U10+$T10)/$AR10)) -> 0.032921811 | Y10: =IF(OR($C10="",NOT($A10)),"",TEXT($W10,"0.00")&" dmg"&IF($X10="","",", "&TEXT($X10,"0.00")&" kills")) -> 0.59 dmg, 0.03 kills | AA10: {=IF($C10="","",KW(($I10&", "&$AC$3),"Torrent")=TRUE)} -> FALSE | AB10: {=IF($C10="","",KW(($I10&", "&$AC$3),"Lethal Hits")=TRUE)} -> FALSE | AC10: {=IF($C10="","",N(KW(($I10&", "&$AC$3),"Sustained Hits")))} -> 0 | AD10: {=IF($C10="","",KW(($I10&", "&$AC$3),"Devastating Wounds")=TRUE)} -> FALSE | AE10: {=IF($C10="","",KW(($I10&", "&$AC$3),"Twin-Linked")=TRUE)} -> FALSE | AF10: {=IF($C10="","",KW(($I10&", "&$AC$3),"Lance")=TRUE)} -> FALSE | AG10: {=IF($C10="","",KW(($I10&", "&$AC$3),"Heavy")=TRUE)} -> FALSE | AH10: {=IF($C10="","",N(KW(($I10&", "&$AC$3),"Rapid Fire")))} -> 1 | AI10: {=IF($C10="","",N(KW(($I10&", "&$AC$3),"Blast")))} -> 0 | AJ10: {=IF($C10="","",N(KW(($I10&", "&$AC$3),"Cleave")))} -> 0 | AK10: {=IF($C10="","",N(KW(($I10&", "&$AC$3),"Melta")))} -> 0 | AL10: {=IF($C10="","",KW(($I10&", "&$AC$3),"Ignores Cover")=TRUE)} -> FALSE | AM10: {=IF($C10="","",KW(($I10&", "&$AC$3),"Psychic")=TRUE)} -> FALSE | AN10: {=IF($C10="","",_xlfn.LET(_xlpm.src,$I10&", "&$AC$3,_xlpm.a,KWANTI(_xlpm.src,($O$6&", "&$AD$3)),_xlpm.c,KWMIN(_xlpm.src,"Critical Wounds"),MIN(_xlpm.a,IF(ISNUMBER(_xlpm.c),MEDIAN(2,6,_xlpm.c),6))))} -> 6 | AO10: {=IF($C10="","",IF($AA10,0,_xlfn.LET(_xlpm.src,$I10&", "&$AC$3,_xlpm.stat,$F$3="Yes",IF(KW(_xlpm.src,"Snap Shooting")=TRUE,IF(_xlpm.stat,4,6),_xlfn.LET(_xlpm.psy,$AM10,_xlpm.hv,$AG10*_xlpm.stat,_xlpm.dmg,-($I$3="Yes"),_xlpm.am,$AS10,_xlpm.tm,$AI$3,_xlpm.mods,IF(_xlpm.psy,MAX(0,_xlpm.hv)+MAX(0,_xlpm.am)+MAX(0,_xlpm.tm),_xlpm.hv+_xlpm.dmg+_xlpm.am+_xlpm.tm),_xlpm.cov,AND(OR($G$3="Yes",$AB$3),NOT($AL10),NOT(_xlpm.psy)),_xlpm.bs,MIN(6,MAX(2,$E10+IF(_xlpm.psy,MIN(0,$BB10),$BB10+_xlpm.cov))),MEDIAN(2,6,_xlpm.bs-MAX(-1,MIN(1,_xlpm.mods))))))))} -> 3 | AP10: =IF($C10="","",_xlfn.LET(_xlpm.s,MAX(1,$F10+$BA10),_xlpm.t,MAX(1,N($J$6)+$AF$3),_xlpm.base,7-(1+(_xlpm.s>=2*_xlpm.t)+(_xlpm.s>_xlpm.t)+(_xlpm.s>=_xlpm.t)+(_xlpm.s>_xlpm.t/2)),MEDIAN(2,6,_xlpm.base-MAX(-1,MIN(1,$AT10+$AJ$3))))) -> 5 | AQ10: =IF($C10="","",_xlfn.LET(_xlpm.ap,MIN(0,$G10+$AU10+$AK$3),_xlpm.arm,$L$6-_xlpm.ap-$AG$3-$BD10,_xlpm.inv,IF(ISNUMBER($M$6),$M$6,7),MEDIAN(2,7,MIN(_xlpm.arm,_xlpm.inv)))) -> 5 | AR10: =IF(OR($C10="",N($K$6)<=0),"",ROUNDUP($K$6/MIN($V10,$K$6),0)/(($AA$3-1)/6)) -> 9 | AS10: {=IF($C10="","",KWSUM(($I10&", "&$AC$3),"Hit Modifier"))} -> 0 | AT10: {=IF($C10="","",KWSUM(($I10&", "&$AC$3),"Wound Modifier"))} -> 0 | AU10: {=IF($C10="","",KWSUM(($I10&", "&$AC$3),"AP Modifier"))} -> 0 | AV10: {=IF($C10="","",KWSUM(($I10&", "&$AC$3),"Damage Modifier"))} -> 0 | AW10: {=IF($C10="","",_xlfn.LET(_xlpm.src,$I10&", "&$AC$3,IF(KW(_xlpm.src,"Snap Shooting")=TRUE,0,_xlfn.LET(_xlpm.full,ISNUMBER(_xlfn.XMATCH("Reroll Hits",TRIM(_xlfn.TEXTSPLIT(_xlpm.src,",")))),_xlpm.r,KW(_xlpm.src,"Reroll Hits"),IF(_xlpm.full,2,IF(N(_xlpm.r)>=1,1,0))))))} -> 0 | AX10: {=IF($C10="","",_xlfn.LET(_xlpm.src,$I10&", "&$AC$3,_xlpm.full,OR($AE10,ISNUMBER(_xlfn.XMATCH("Reroll Wounds",TRIM(_xlfn.TEXTSPLIT(_xlpm.src,","))))),_xlpm.r,KW(_xlpm.src,"Reroll Wounds"),IF(_xlpm.full,2,IF(N(_xlpm.r)>=1,1,0))))} -> 0 | AY10: =IF($C10="","",IF($AA10,0,_xlfn.LET(_xlpm.pc,(7-$BC10)/6,_xlpm.p,MAX((7-$AO10)/6,_xlpm.pc),IF($AW10=2,_xlpm.pc+(1-_xlpm.p)*_xlpm.pc,IF($AW10=1,_xlpm.pc+_xlpm.pc/6,_xlpm.pc))))) -> 0.16666667 | AZ10: {=IF($C10="","",KWSUM($I10&", "&$AC$3,"Attacks Modifier"))} -> 0 | BA10: {=IF($C10="","",KWSUM($I10&", "&$AC$3,"Strength Modifier"))} -> 0 | BB10: {=IF($C10="","",KWSUM($I10&", "&$AC$3,"BS Modifier"))} -> 0 | BC10: {=IF($C10="","",_xlfn.LET(_xlpm.src,$I10&", "&$AC$3,_xlpm.c,KWMIN(_xlpm.src,"Critical Hits"),IF(KW(_xlpm.src,"Snap Shooting")=TRUE,6,IF(ISNUMBER(_xlpm.c),MEDIAN(2,6,_xlpm.c),6))))} -> 6 | BD10: {=IF($C10="","",KWSUM($I10&", "&$AC$3,"Save Modifier"))} -> 0 | BF10: Tallyman | BH10: Lord of Poxes (DeathGuard)
A11: TRUE | B11: 1 | C11: Plasma Pistol - Standard | D11: 1 | E11: 3 | F11: 7 | G11: -2 | H11: 1 | P11: {=IF(OR($C11="",NOT($A11)),"",N($B11)*(MAX(1,DICEAVG($D11)+$AZ11)+$AH11*($E$3="Yes")+($AI11+$AJ11)*INT($H$3/5)))} -> 1 | Q11: =IF(OR($C11="",NOT($A11)),"",IF($AA11,$P11,_xlfn.LET(_xlpm.p,MAX((7-$AO11)/6,(7-$BC11)/6),_xlpm.ph,IF($AW11=2,_xlpm.p+(1-_xlpm.p)*_xlpm.p,IF($AW11=1,_xlpm.p+_xlpm.p/6,_xlpm.p)),$P11*_xlpm.ph+$P11*$AY11*$AC11))) -> 0.66666667 | R11: =IF(OR($C11="",NOT($A11)),"",IF(AND($AB11,NOT($AA11)),$P11*$AY11,0)) -> 0 | S11: =IF(OR($C11="",NOT($A11)),"",_xlfn.LET(_xlpm.n,$Q11-$R11,_xlpm.pW,(7-$AP11)/6,_xlpm.pC,(7-$AN11)/6,_xlpm.pT,MAX(_xlpm.pW,_xlpm.pC),_xlpm.rr,$AX11,_xlpm.n*IF(_xlpm.rr=2,1-(1-_xlpm.pT)^2,IF(_xlpm.rr=1,_xlpm.pT+_xlpm.pT/6,_xlpm.pT))+$R11)) -> 0.22222222 | T11: =IF(OR($C11="",NOT($A11)),"",IF($AD11,_xlfn.LET(_xlpm.n,$Q11-$R11,_xlpm.pW,(7-$AP11)/6,_xlpm.pC,(7-$AN11)/6,_xlpm.pT,MAX(_xlpm.pW,_xlpm.pC),_xlpm.rr,$AX11,_xlpm.n*IF(_xlpm.rr=2,_xlpm.pC+(1-_xlpm.pT)*_xlpm.pC,IF(_xlpm.rr=1,_xlpm.pC+_xlpm.pC/6,_xlpm.pC))),0)) -> 0 | U11: =IF(OR($C11="",NOT($A11)),"",($S11-$T11)*($AQ11-1)/6) -> 0.11111111 | V11: {=IF(OR($C11="",NOT($A11)),"",MAX(1,DICEAVG($H11)+$AK11*($E$3="Yes")+$AV11+$AH$3))} -> 1 | W11: =IF(OR($C11="",NOT($A11)),"",($U11+$T11)*IF(N($K$6)>0,MIN($V11,$K$6),$V11)*($AA$3-1)/6) -> 0.11111111 | X11: =IF(OR($C11="",NOT($A11),$AR11=""),"",MIN($H$3,($U11+$T11)/$AR11)) -> 0.0065359477 | Y11: =IF(OR($C11="",NOT($A11)),"",TEXT($W11,"0.00")&" dmg"&IF($X11="","",", "&TEXT($X11,"0.00")&" kills")) -> 0.11 dmg, 0.01 kills | AA11: {=IF($C11="","",KW(($I11&", "&$AC$3),"Torrent")=TRUE)} -> FALSE | AB11: {=IF($C11="","",KW(($I11&", "&$AC$3),"Lethal Hits")=TRUE)} -> FALSE | AC11: {=IF($C11="","",N(KW(($I11&", "&$AC$3),"Sustained Hits")))} -> 0 | AD11: {=IF($C11="","",KW(($I11&", "&$AC$3),"Devastating Wounds")=TRUE)} -> FALSE | AE11: {=IF($C11="","",KW(($I11&", "&$AC$3),"Twin-Linked")=TRUE)} -> FALSE | AF11: {=IF($C11="","",KW(($I11&", "&$AC$3),"Lance")=TRUE)} -> FALSE | AG11: {=IF($C11="","",KW(($I11&", "&$AC$3),"Heavy")=TRUE)} -> FALSE | AH11: {=IF($C11="","",N(KW(($I11&", "&$AC$3),"Rapid Fire")))} -> 0 | AI11: {=IF($C11="","",N(KW(($I11&", "&$AC$3),"Blast")))} -> 0 | AJ11: {=IF($C11="","",N(KW(($I11&", "&$AC$3),"Cleave")))} -> 0 | AK11: {=IF($C11="","",N(KW(($I11&", "&$AC$3),"Melta")))} -> 0 | AL11: {=IF($C11="","",KW(($I11&", "&$AC$3),"Ignores Cover")=TRUE)} -> FALSE | AM11: {=IF($C11="","",KW(($I11&", "&$AC$3),"Psychic")=TRUE)} -> FALSE | AN11: {=IF($C11="","",_xlfn.LET(_xlpm.src,$I11&", "&$AC$3,_xlpm.a,KWANTI(_xlpm.src,($O$6&", "&$AD$3)),_xlpm.c,KWMIN(_xlpm.src,"Critical Wounds"),MIN(_xlpm.a,IF(ISNUMBER(_xlpm.c),MEDIAN(2,6,_xlpm.c),6))))} -> 6 | AO11: {=IF($C11="","",IF($AA11,0,_xlfn.LET(_xlpm.src,$I11&", "&$AC$3,_xlpm.stat,$F$3="Yes",IF(KW(_xlpm.src,"Snap Shooting")=TRUE,IF(_xlpm.stat,4,6),_xlfn.LET(_xlpm.psy,$AM11,_xlpm.hv,$AG11*_xlpm.stat,_xlpm.dmg,-($I$3="Yes"),_xlpm.am,$AS11,_xlpm.tm,$AI$3,_xlpm.mods,IF(_xlpm.psy,MAX(0,_xlpm.hv)+MAX(0,_xlpm.am)+MAX(0,_xlpm.tm),_xlpm.hv+_xlpm.dmg+_xlpm.am+_xlpm.tm),_xlpm.cov,AND(OR($G$3="Yes",$AB$3),NOT($AL11),NOT(_xlpm.psy)),_xlpm.bs,MIN(6,MAX(2,$E11+IF(_xlpm.psy,MIN(0,$BB11),$BB11+_xlpm.cov))),MEDIAN(2,6,_xlpm.bs-MAX(-1,MIN(1,_xlpm.mods))))))))} -> 3 | AP11: =IF($C11="","",_xlfn.LET(_xlpm.s,MAX(1,$F11+$BA11),_xlpm.t,MAX(1,N($J$6)+$AF$3),_xlpm.base,7-(1+(_xlpm.s>=2*_xlpm.t)+(_xlpm.s>_xlpm.t)+(_xlpm.s>=_xlpm.t)+(_xlpm.s>_xlpm.t/2)),MEDIAN(2,6,_xlpm.base-MAX(-1,MIN(1,$AT11+$AJ$3))))) -> 5 | AQ11: =IF($C11="","",_xlfn.LET(_xlpm.ap,MIN(0,$G11+$AU11+$AK$3),_xlpm.arm,$L$6-_xlpm.ap-$AG$3-$BD11,_xlpm.inv,IF(ISNUMBER($M$6),$M$6,7),MEDIAN(2,7,MIN(_xlpm.arm,_xlpm.inv)))) -> 4 | AR11: =IF(OR($C11="",N($K$6)<=0),"",ROUNDUP($K$6/MIN($V11,$K$6),0)/(($AA$3-1)/6)) -> 17 | AS11: {=IF($C11="","",KWSUM(($I11&", "&$AC$3),"Hit Modifier"))} -> 0 | AT11: {=IF($C11="","",KWSUM(($I11&", "&$AC$3),"Wound Modifier"))} -> 0 | AU11: {=IF($C11="","",KWSUM(($I11&", "&$AC$3),"AP Modifier"))} -> 0 | AV11: {=IF($C11="","",KWSUM(($I11&", "&$AC$3),"Damage Modifier"))} -> 0 | AW11: {=IF($C11="","",_xlfn.LET(_xlpm.src,$I11&", "&$AC$3,IF(KW(_xlpm.src,"Snap Shooting")=TRUE,0,_xlfn.LET(_xlpm.full,ISNUMBER(_xlfn.XMATCH("Reroll Hits",TRIM(_xlfn.TEXTSPLIT(_xlpm.src,",")))),_xlpm.r,KW(_xlpm.src,"Reroll Hits"),IF(_xlpm.full,2,IF(N(_xlpm.r)>=1,1,0))))))} -> 0 | AX11: {=IF($C11="","",_xlfn.LET(_xlpm.src,$I11&", "&$AC$3,_xlpm.full,OR($AE11,ISNUMBER(_xlfn.XMATCH("Reroll Wounds",TRIM(_xlfn.TEXTSPLIT(_xlpm.src,","))))),_xlpm.r,KW(_xlpm.src,"Reroll Wounds"),IF(_xlpm.full,2,IF(N(_xlpm.r)>=1,1,0))))} -> 0 | AY11: =IF($C11="","",IF($AA11,0,_xlfn.LET(_xlpm.pc,(7-$BC11)/6,_xlpm.p,MAX((7-$AO11)/6,_xlpm.pc),IF($AW11=2,_xlpm.pc+(1-_xlpm.p)*_xlpm.pc,IF($AW11=1,_xlpm.pc+_xlpm.pc/6,_xlpm.pc))))) -> 0.16666667 | AZ11: {=IF($C11="","",KWSUM($I11&", "&$AC$3,"Attacks Modifier"))} -> 0 | BA11: {=IF($C11="","",KWSUM($I11&", "&$AC$3,"Strength Modifier"))} -> 0 | BB11: {=IF($C11="","",KWSUM($I11&", "&$AC$3,"BS Modifier"))} -> 0 | BC11: {=IF($C11="","",_xlfn.LET(_xlpm.src,$I11&", "&$AC$3,_xlpm.c,KWMIN(_xlpm.src,"Critical Hits"),IF(KW(_xlpm.src,"Snap Shooting")=TRUE,6,IF(ISNUMBER(_xlpm.c),MEDIAN(2,6,_xlpm.c),6))))} -> 6 | BD11: {=IF($C11="","",KWSUM($I11&", "&$AC$3,"Save Modifier"))} -> 0 | BF11: Plague Marines (Meele) | BH11: Tallyman (DeathGuard)
A12: TRUE | B12: 1 | C12: Plasma Pistol Supercharged | D12: 1 | E12: 3 | F12: 8 | G12: -3 | H12: 2 | P12: {=IF(OR($C12="",NOT($A12)),"",N($B12)*(MAX(1,DICEAVG($D12)+$AZ12)+$AH12*($E$3="Yes")+($AI12+$AJ12)*INT($H$3/5)))} -> 1 | Q12: =IF(OR($C12="",NOT($A12)),"",IF($AA12,$P12,_xlfn.LET(_xlpm.p,MAX((7-$AO12)/6,(7-$BC12)/6),_xlpm.ph,IF($AW12=2,_xlpm.p+(1-_xlpm.p)*_xlpm.p,IF($AW12=1,_xlpm.p+_xlpm.p/6,_xlpm.p)),$P12*_xlpm.ph+$P12*$AY12*$AC12))) -> 0.66666667 | R12: =IF(OR($C12="",NOT($A12)),"",IF(AND($AB12,NOT($AA12)),$P12*$AY12,0)) -> 0 | S12: =IF(OR($C12="",NOT($A12)),"",_xlfn.LET(_xlpm.n,$Q12-$R12,_xlpm.pW,(7-$AP12)/6,_xlpm.pC,(7-$AN12)/6,_xlpm.pT,MAX(_xlpm.pW,_xlpm.pC),_xlpm.rr,$AX12,_xlpm.n*IF(_xlpm.rr=2,1-(1-_xlpm.pT)^2,IF(_xlpm.rr=1,_xlpm.pT+_xlpm.pT/6,_xlpm.pT))+$R12)) -> 0.22222222 | T12: =IF(OR($C12="",NOT($A12)),"",IF($AD12,_xlfn.LET(_xlpm.n,$Q12-$R12,_xlpm.pW,(7-$AP12)/6,_xlpm.pC,(7-$AN12)/6,_xlpm.pT,MAX(_xlpm.pW,_xlpm.pC),_xlpm.rr,$AX12,_xlpm.n*IF(_xlpm.rr=2,_xlpm.pC+(1-_xlpm.pT)*_xlpm.pC,IF(_xlpm.rr=1,_xlpm.pC+_xlpm.pC/6,_xlpm.pC))),0)) -> 0 | U12: =IF(OR($C12="",NOT($A12)),"",($S12-$T12)*($AQ12-1)/6) -> 0.14814815 | V12: {=IF(OR($C12="",NOT($A12)),"",MAX(1,DICEAVG($H12)+$AK12*($E$3="Yes")+$AV12+$AH$3))} -> 2 | W12: =IF(OR($C12="",NOT($A12)),"",($U12+$T12)*IF(N($K$6)>0,MIN($V12,$K$6),$V12)*($AA$3-1)/6) -> 0.2962963 | X12: =IF(OR($C12="",NOT($A12),$AR12=""),"",MIN($H$3,($U12+$T12)/$AR12)) -> 0.016460905 | Y12: =IF(OR($C12="",NOT($A12)),"",TEXT($W12,"0.00")&" dmg"&IF($X12="","",", "&TEXT($X12,"0.00")&" kills")) -> 0.30 dmg, 0.02 kills | AA12: {=IF($C12="","",KW(($I12&", "&$AC$3),"Torrent")=TRUE)} -> FALSE | AB12: {=IF($C12="","",KW(($I12&", "&$AC$3),"Lethal Hits")=TRUE)} -> FALSE | AC12: {=IF($C12="","",N(KW(($I12&", "&$AC$3),"Sustained Hits")))} -> 0 | AD12: {=IF($C12="","",KW(($I12&", "&$AC$3),"Devastating Wounds")=TRUE)} -> FALSE | AE12: {=IF($C12="","",KW(($I12&", "&$AC$3),"Twin-Linked")=TRUE)} -> FALSE | AF12: {=IF($C12="","",KW(($I12&", "&$AC$3),"Lance")=TRUE)} -> FALSE | AG12: {=IF($C12="","",KW(($I12&", "&$AC$3),"Heavy")=TRUE)} -> FALSE | AH12: {=IF($C12="","",N(KW(($I12&", "&$AC$3),"Rapid Fire")))} -> 0 | AI12: {=IF($C12="","",N(KW(($I12&", "&$AC$3),"Blast")))} -> 0 | AJ12: {=IF($C12="","",N(KW(($I12&", "&$AC$3),"Cleave")))} -> 0 | AK12: {=IF($C12="","",N(KW(($I12&", "&$AC$3),"Melta")))} -> 0 | AL12: {=IF($C12="","",KW(($I12&", "&$AC$3),"Ignores Cover")=TRUE)} -> FALSE | AM12: {=IF($C12="","",KW(($I12&", "&$AC$3),"Psychic")=TRUE)} -> FALSE | AN12: {=IF($C12="","",_xlfn.LET(_xlpm.src,$I12&", "&$AC$3,_xlpm.a,KWANTI(_xlpm.src,($O$6&", "&$AD$3)),_xlpm.c,KWMIN(_xlpm.src,"Critical Wounds"),MIN(_xlpm.a,IF(ISNUMBER(_xlpm.c),MEDIAN(2,6,_xlpm.c),6))))} -> 6 | AO12: {=IF($C12="","",IF($AA12,0,_xlfn.LET(_xlpm.src,$I12&", "&$AC$3,_xlpm.stat,$F$3="Yes",IF(KW(_xlpm.src,"Snap Shooting")=TRUE,IF(_xlpm.stat,4,6),_xlfn.LET(_xlpm.psy,$AM12,_xlpm.hv,$AG12*_xlpm.stat,_xlpm.dmg,-($I$3="Yes"),_xlpm.am,$AS12,_xlpm.tm,$AI$3,_xlpm.mods,IF(_xlpm.psy,MAX(0,_xlpm.hv)+MAX(0,_xlpm.am)+MAX(0,_xlpm.tm),_xlpm.hv+_xlpm.dmg+_xlpm.am+_xlpm.tm),_xlpm.cov,AND(OR($G$3="Yes",$AB$3),NOT($AL12),NOT(_xlpm.psy)),_xlpm.bs,MIN(6,MAX(2,$E12+IF(_xlpm.psy,MIN(0,$BB12),$BB12+_xlpm.cov))),MEDIAN(2,6,_xlpm.bs-MAX(-1,MIN(1,_xlpm.mods))))))))} -> 3 | AP12: =IF($C12="","",_xlfn.LET(_xlpm.s,MAX(1,$F12+$BA12),_xlpm.t,MAX(1,N($J$6)+$AF$3),_xlpm.base,7-(1+(_xlpm.s>=2*_xlpm.t)+(_xlpm.s>_xlpm.t)+(_xlpm.s>=_xlpm.t)+(_xlpm.s>_xlpm.t/2)),MEDIAN(2,6,_xlpm.base-MAX(-1,MIN(1,$AT12+$AJ$3))))) -> 5 | AQ12: =IF($C12="","",_xlfn.LET(_xlpm.ap,MIN(0,$G12+$AU12+$AK$3),_xlpm.arm,$L$6-_xlpm.ap-$AG$3-$BD12,_xlpm.inv,IF(ISNUMBER($M$6),$M$6,7),MEDIAN(2,7,MIN(_xlpm.arm,_xlpm.inv)))) -> 5 | AR12: =IF(OR($C12="",N($K$6)<=0),"",ROUNDUP($K$6/MIN($V12,$K$6),0)/(($AA$3-1)/6)) -> 9 | AS12: {=IF($C12="","",KWSUM(($I12&", "&$AC$3),"Hit Modifier"))} -> 0 | AT12: {=IF($C12="","",KWSUM(($I12&", "&$AC$3),"Wound Modifier"))} -> 0 | AU12: {=IF($C12="","",KWSUM(($I12&", "&$AC$3),"AP Modifier"))} -> 0 | AV12: {=IF($C12="","",KWSUM(($I12&", "&$AC$3),"Damage Modifier"))} -> 0 | AW12: {=IF($C12="","",_xlfn.LET(_xlpm.src,$I12&", "&$AC$3,IF(KW(_xlpm.src,"Snap Shooting")=TRUE,0,_xlfn.LET(_xlpm.full,ISNUMBER(_xlfn.XMATCH("Reroll Hits",TRIM(_xlfn.TEXTSPLIT(_xlpm.src,",")))),_xlpm.r,KW(_xlpm.src,"Reroll Hits"),IF(_xlpm.full,2,IF(N(_xlpm.r)>=1,1,0))))))} -> 0 | AX12: {=IF($C12="","",_xlfn.LET(_xlpm.src,$I12&", "&$AC$3,_xlpm.full,OR($AE12,ISNUMBER(_xlfn.XMATCH("Reroll Wounds",TRIM(_xlfn.TEXTSPLIT(_xlpm.src,","))))),_xlpm.r,KW(_xlpm.src,"Reroll Wounds"),IF(_xlpm.full,2,IF(N(_xlpm.r)>=1,1,0))))} -> 0 | AY12: =IF($C12="","",IF($AA12,0,_xlfn.LET(_xlpm.pc,(7-$BC12)/6,_xlpm.p,MAX((7-$AO12)/6,_xlpm.pc),IF($AW12=2,_xlpm.pc+(1-_xlpm.p)*_xlpm.pc,IF($AW12=1,_xlpm.pc+_xlpm.pc/6,_xlpm.pc))))) -> 0.16666667 | AZ12: {=IF($C12="","",KWSUM($I12&", "&$AC$3,"Attacks Modifier"))} -> 0 | BA12: {=IF($C12="","",KWSUM($I12&", "&$AC$3,"Strength Modifier"))} -> 0 | BB12: {=IF($C12="","",KWSUM($I12&", "&$AC$3,"BS Modifier"))} -> 0 | BC12: {=IF($C12="","",_xlfn.LET(_xlpm.src,$I12&", "&$AC$3,_xlpm.c,KWMIN(_xlpm.src,"Critical Hits"),IF(KW(_xlpm.src,"Snap Shooting")=TRUE,6,IF(ISNUMBER(_xlpm.c),MEDIAN(2,6,_xlpm.c),6))))} -> 6 | BD12: {=IF($C12="","",KWSUM($I12&", "&$AC$3,"Save Modifier"))} -> 0 | BH12: Typhus (DeathGuard)
A13: TRUE | B13: 1 | P13: {=IF(OR($C13="",NOT($A13)),"",N($B13)*(MAX(1,DICEAVG($D13)+$AZ13)+$AH13*($E$3="Yes")+($AI13+$AJ13)*INT($H$3/5)))} | Q13: =IF(OR($C13="",NOT($A13)),"",IF($AA13,$P13,_xlfn.LET(_xlpm.p,MAX((7-$AO13)/6,(7-$BC13)/6),_xlpm.ph,IF($AW13=2,_xlpm.p+(1-_xlpm.p)*_xlpm.p,IF($AW13=1,_xlpm.p+_xlpm.p/6,_xlpm.p)),$P13*_xlpm.ph+$P13*$AY13*$AC13))) | R13: =IF(OR($C13="",NOT($A13)),"",IF(AND($AB13,NOT($AA13)),$P13*$AY13,0)) | S13: =IF(OR($C13="",NOT($A13)),"",_xlfn.LET(_xlpm.n,$Q13-$R13,_xlpm.pW,(7-$AP13)/6,_xlpm.pC,(7-$AN13)/6,_xlpm.pT,MAX(_xlpm.pW,_xlpm.pC),_xlpm.rr,$AX13,_xlpm.n*IF(_xlpm.rr=2,1-(1-_xlpm.pT)^2,IF(_xlpm.rr=1,_xlpm.pT+_xlpm.pT/6,_xlpm.pT))+$R13)) | T13: =IF(OR($C13="",NOT($A13)),"",IF($AD13,_xlfn.LET(_xlpm.n,$Q13-$R13,_xlpm.pW,(7-$AP13)/6,_xlpm.pC,(7-$AN13)/6,_xlpm.pT,MAX(_xlpm.pW,_xlpm.pC),_xlpm.rr,$AX13,_xlpm.n*IF(_xlpm.rr=2,_xlpm.pC+(1-_xlpm.pT)*_xlpm.pC,IF(_xlpm.rr=1,_xlpm.pC+_xlpm.pC/6,_xlpm.pC))),0)) | U13: =IF(OR($C13="",NOT($A13)),"",($S13-$T13)*($AQ13-1)/6) | V13: {=IF(OR($C13="",NOT($A13)),"",MAX(1,DICEAVG($H13)+$AK13*($E$3="Yes")+$AV13+$AH$3))} | W13: =IF(OR($C13="",NOT($A13)),"",($U13+$T13)*IF(N($K$6)>0,MIN($V13,$K$6),$V13)*($AA$3-1)/6) | X13: =IF(OR($C13="",NOT($A13),$AR13=""),"",MIN($H$3,($U13+$T13)/$AR13)) | Y13: =IF(OR($C13="",NOT($A13)),"",TEXT($W13,"0.00")&" dmg"&IF($X13="","",", "&TEXT($X13,"0.00")&" kills")) | AA13: {=IF($C13="","",KW(($I13&", "&$AC$3),"Torrent")=TRUE)} | AB13: {=IF($C13="","",KW(($I13&", "&$AC$3),"Lethal Hits")=TRUE)} | AC13: {=IF($C13="","",N(KW(($I13&", "&$AC$3),"Sustained Hits")))} | AD13: {=IF($C13="","",KW(($I13&", "&$AC$3),"Devastating Wounds")=TRUE)} | AE13: {=IF($C13="","",KW(($I13&", "&$AC$3),"Twin-Linked")=TRUE)} | AF13: {=IF($C13="","",KW(($I13&", "&$AC$3),"Lance")=TRUE)} | AG13: {=IF($C13="","",KW(($I13&", "&$AC$3),"Heavy")=TRUE)} | AH13: {=IF($C13="","",N(KW(($I13&", "&$AC$3),"Rapid Fire")))} | AI13: {=IF($C13="","",N(KW(($I13&", "&$AC$3),"Blast")))} | AJ13: {=IF($C13="","",N(KW(($I13&", "&$AC$3),"Cleave")))} | AK13: {=IF($C13="","",N(KW(($I13&", "&$AC$3),"Melta")))} | AL13: {=IF($C13="","",KW(($I13&", "&$AC$3),"Ignores Cover")=TRUE)} | AM13: {=IF($C13="","",KW(($I13&", "&$AC$3),"Psychic")=TRUE)} | AN13: {=IF($C13="","",_xlfn.LET(_xlpm.src,$I13&", "&$AC$3,_xlpm.a,KWANTI(_xlpm.src,($O$6&", "&$AD$3)),_xlpm.c,KWMIN(_xlpm.src,"Critical Wounds"),MIN(_xlpm.a,IF(ISNUMBER(_xlpm.c),MEDIAN(2,6,_xlpm.c),6))))} | AO13: {=IF($C13="","",IF($AA13,0,_xlfn.LET(_xlpm.src,$I13&", "&$AC$3,_xlpm.stat,$F$3="Yes",IF(KW(_xlpm.src,"Snap Shooting")=TRUE,IF(_xlpm.stat,4,6),_xlfn.LET(_xlpm.psy,$AM13,_xlpm.hv,$AG13*_xlpm.stat,_xlpm.dmg,-($I$3="Yes"),_xlpm.am,$AS13,_xlpm.tm,$AI$3,_xlpm.mods,IF(_xlpm.psy,MAX(0,_xlpm.hv)+MAX(0,_xlpm.am)+MAX(0,_xlpm.tm),_xlpm.hv+_xlpm.dmg+_xlpm.am+_xlpm.tm),_xlpm.cov,AND(OR($G$3="Yes",$AB$3),NOT($AL13),NOT(_xlpm.psy)),_xlpm.bs,MIN(6,MAX(2,$E13+IF(_xlpm.psy,MIN(0,$BB13),$BB13+_xlpm.cov))),MEDIAN(2,6,_xlpm.bs-MAX(-1,MIN(1,_xlpm.mods))))))))} | AP13: =IF($C13="","",_xlfn.LET(_xlpm.s,MAX(1,$F13+$BA13),_xlpm.t,MAX(1,N($J$6)+$AF$3),_xlpm.base,7-(1+(_xlpm.s>=2*_xlpm.t)+(_xlpm.s>_xlpm.t)+(_xlpm.s>=_xlpm.t)+(_xlpm.s>_xlpm.t/2)),MEDIAN(2,6,_xlpm.base-MAX(-1,MIN(1,$AT13+$AJ$3))))) | AQ13: =IF($C13="","",_xlfn.LET(_xlpm.ap,MIN(0,$G13+$AU13+$AK$3),_xlpm.arm,$L$6-_xlpm.ap-$AG$3-$BD13,_xlpm.inv,IF(ISNUMBER($M$6),$M$6,7),MEDIAN(2,7,MIN(_xlpm.arm,_xlpm.inv)))) | AR13: =IF(OR($C13="",N($K$6)<=0),"",ROUNDUP($K$6/MIN($V13,$K$6),0)/(($AA$3-1)/6)) | AS13: {=IF($C13="","",KWSUM(($I13&", "&$AC$3),"Hit Modifier"))} | AT13: {=IF($C13="","",KWSUM(($I13&", "&$AC$3),"Wound Modifier"))} | AU13: {=IF($C13="","",KWSUM(($I13&", "&$AC$3),"AP Modifier"))} | AV13: {=IF($C13="","",KWSUM(($I13&", "&$AC$3),"Damage Modifier"))} | AW13: {=IF($C13="","",_xlfn.LET(_xlpm.src,$I13&", "&$AC$3,IF(KW(_xlpm.src,"Snap Shooting")=TRUE,0,_xlfn.LET(_xlpm.full,ISNUMBER(_xlfn.XMATCH("Reroll Hits",TRIM(_xlfn.TEXTSPLIT(_xlpm.src,",")))),_xlpm.r,KW(_xlpm.src,"Reroll Hits"),IF(_xlpm.full,2,IF(N(_xlpm.r)>=1,1,0))))))} | AX13: {=IF($C13="","",_xlfn.LET(_xlpm.src,$I13&", "&$AC$3,_xlpm.full,OR($AE13,ISNUMBER(_xlfn.XMATCH("Reroll Wounds",TRIM(_xlfn.TEXTSPLIT(_xlpm.src,","))))),_xlpm.r,KW(_xlpm.src,"Reroll Wounds"),IF(_xlpm.full,2,IF(N(_xlpm.r)>=1,1,0))))} | AY13: =IF($C13="","",IF($AA13,0,_xlfn.LET(_xlpm.pc,(7-$BC13)/6,_xlpm.p,MAX((7-$AO13)/6,_xlpm.pc),IF($AW13=2,_xlpm.pc+(1-_xlpm.p)*_xlpm.pc,IF($AW13=1,_xlpm.pc+_xlpm.pc/6,_xlpm.pc))))) | AZ13: {=IF($C13="","",KWSUM($I13&", "&$AC$3,"Attacks Modifier"))} | BA13: {=IF($C13="","",KWSUM($I13&", "&$AC$3,"Strength Modifier"))} | BB13: {=IF($C13="","",KWSUM($I13&", "&$AC$3,"BS Modifier"))} | BC13: {=IF($C13="","",_xlfn.LET(_xlpm.src,$I13&", "&$AC$3,_xlpm.c,KWMIN(_xlpm.src,"Critical Hits"),IF(KW(_xlpm.src,"Snap Shooting")=TRUE,6,IF(ISNUMBER(_xlpm.c),MEDIAN(2,6,_xlpm.c),6))))} | BD13: {=IF($C13="","",KWSUM($I13&", "&$AC$3,"Save Modifier"))} | BH13: Chaos Spawn (DeathGuard)
A14: TRUE | B14: 1 | P14: {=IF(OR($C14="",NOT($A14)),"",N($B14)*(MAX(1,DICEAVG($D14)+$AZ14)+$AH14*($E$3="Yes")+($AI14+$AJ14)*INT($H$3/5)))} | Q14: =IF(OR($C14="",NOT($A14)),"",IF($AA14,$P14,_xlfn.LET(_xlpm.p,MAX((7-$AO14)/6,(7-$BC14)/6),_xlpm.ph,IF($AW14=2,_xlpm.p+(1-_xlpm.p)*_xlpm.p,IF($AW14=1,_xlpm.p+_xlpm.p/6,_xlpm.p)),$P14*_xlpm.ph+$P14*$AY14*$AC14))) | R14: =IF(OR($C14="",NOT($A14)),"",IF(AND($AB14,NOT($AA14)),$P14*$AY14,0)) | S14: =IF(OR($C14="",NOT($A14)),"",_xlfn.LET(_xlpm.n,$Q14-$R14,_xlpm.pW,(7-$AP14)/6,_xlpm.pC,(7-$AN14)/6,_xlpm.pT,MAX(_xlpm.pW,_xlpm.pC),_xlpm.rr,$AX14,_xlpm.n*IF(_xlpm.rr=2,1-(1-_xlpm.pT)^2,IF(_xlpm.rr=1,_xlpm.pT+_xlpm.pT/6,_xlpm.pT))+$R14)) | T14: =IF(OR($C14="",NOT($A14)),"",IF($AD14,_xlfn.LET(_xlpm.n,$Q14-$R14,_xlpm.pW,(7-$AP14)/6,_xlpm.pC,(7-$AN14)/6,_xlpm.pT,MAX(_xlpm.pW,_xlpm.pC),_xlpm.rr,$AX14,_xlpm.n*IF(_xlpm.rr=2,_xlpm.pC+(1-_xlpm.pT)*_xlpm.pC,IF(_xlpm.rr=1,_xlpm.pC+_xlpm.pC/6,_xlpm.pC))),0)) | U14: =IF(OR($C14="",NOT($A14)),"",($S14-$T14)*($AQ14-1)/6) | V14: {=IF(OR($C14="",NOT($A14)),"",MAX(1,DICEAVG($H14)+$AK14*($E$3="Yes")+$AV14+$AH$3))} | W14: =IF(OR($C14="",NOT($A14)),"",($U14+$T14)*IF(N($K$6)>0,MIN($V14,$K$6),$V14)*($AA$3-1)/6) | X14: =IF(OR($C14="",NOT($A14),$AR14=""),"",MIN($H$3,($U14+$T14)/$AR14)) | Y14: =IF(OR($C14="",NOT($A14)),"",TEXT($W14,"0.00")&" dmg"&IF($X14="","",", "&TEXT($X14,"0.00")&" kills")) | AA14: {=IF($C14="","",KW(($I14&", "&$AC$3),"Torrent")=TRUE)} | AB14: {=IF($C14="","",KW(($I14&", "&$AC$3),"Lethal Hits")=TRUE)} | AC14: {=IF($C14="","",N(KW(($I14&", "&$AC$3),"Sustained Hits")))} | AD14: {=IF($C14="","",KW(($I14&", "&$AC$3),"Devastating Wounds")=TRUE)} | AE14: {=IF($C14="","",KW(($I14&", "&$AC$3),"Twin-Linked")=TRUE)} | AF14: {=IF($C14="","",KW(($I14&", "&$AC$3),"Lance")=TRUE)} | AG14: {=IF($C14="","",KW(($I14&", "&$AC$3),"Heavy")=TRUE)} | AH14: {=IF($C14="","",N(KW(($I14&", "&$AC$3),"Rapid Fire")))} | AI14: {=IF($C14="","",N(KW(($I14&", "&$AC$3),"Blast")))} | AJ14: {=IF($C14="","",N(KW(($I14&", "&$AC$3),"Cleave")))} | AK14: {=IF($C14="","",N(KW(($I14&", "&$AC$3),"Melta")))} | AL14: {=IF($C14="","",KW(($I14&", "&$AC$3),"Ignores Cover")=TRUE)} | AM14: {=IF($C14="","",KW(($I14&", "&$AC$3),"Psychic")=TRUE)} | AN14: {=IF($C14="","",_xlfn.LET(_xlpm.src,$I14&", "&$AC$3,_xlpm.a,KWANTI(_xlpm.src,($O$6&", "&$AD$3)),_xlpm.c,KWMIN(_xlpm.src,"Critical Wounds"),MIN(_xlpm.a,IF(ISNUMBER(_xlpm.c),MEDIAN(2,6,_xlpm.c),6))))} | AO14: {=IF($C14="","",IF($AA14,0,_xlfn.LET(_xlpm.src,$I14&", "&$AC$3,_xlpm.stat,$F$3="Yes",IF(KW(_xlpm.src,"Snap Shooting")=TRUE,IF(_xlpm.stat,4,6),_xlfn.LET(_xlpm.psy,$AM14,_xlpm.hv,$AG14*_xlpm.stat,_xlpm.dmg,-($I$3="Yes"),_xlpm.am,$AS14,_xlpm.tm,$AI$3,_xlpm.mods,IF(_xlpm.psy,MAX(0,_xlpm.hv)+MAX(0,_xlpm.am)+MAX(0,_xlpm.tm),_xlpm.hv+_xlpm.dmg+_xlpm.am+_xlpm.tm),_xlpm.cov,AND(OR($G$3="Yes",$AB$3),NOT($AL14),NOT(_xlpm.psy)),_xlpm.bs,MIN(6,MAX(2,$E14+IF(_xlpm.psy,MIN(0,$BB14),$BB14+_xlpm.cov))),MEDIAN(2,6,_xlpm.bs-MAX(-1,MIN(1,_xlpm.mods))))))))} | AP14: =IF($C14="","",_xlfn.LET(_xlpm.s,MAX(1,$F14+$BA14),_xlpm.t,MAX(1,N($J$6)+$AF$3),_xlpm.base,7-(1+(_xlpm.s>=2*_xlpm.t)+(_xlpm.s>_xlpm.t)+(_xlpm.s>=_xlpm.t)+(_xlpm.s>_xlpm.t/2)),MEDIAN(2,6,_xlpm.base-MAX(-1,MIN(1,$AT14+$AJ$3))))) | AQ14: =IF($C14="","",_xlfn.LET(_xlpm.ap,MIN(0,$G14+$AU14+$AK$3),_xlpm.arm,$L$6-_xlpm.ap-$AG$3-$BD14,_xlpm.inv,IF(ISNUMBER($M$6),$M$6,7),MEDIAN(2,7,MIN(_xlpm.arm,_xlpm.inv)))) | AR14: =IF(OR($C14="",N($K$6)<=0),"",ROUNDUP($K$6/MIN($V14,$K$6),0)/(($AA$3-1)/6)) | AS14: {=IF($C14="","",KWSUM(($I14&", "&$AC$3),"Hit Modifier"))} | AT14: {=IF($C14="","",KWSUM(($I14&", "&$AC$3),"Wound Modifier"))} | AU14: {=IF($C14="","",KWSUM(($I14&", "&$AC$3),"AP Modifier"))} | AV14: {=IF($C14="","",KWSUM(($I14&", "&$AC$3),"Damage Modifier"))} | AW14: {=IF($C14="","",_xlfn.LET(_xlpm.src,$I14&", "&$AC$3,IF(KW(_xlpm.src,"Snap Shooting")=TRUE,0,_xlfn.LET(_xlpm.full,ISNUMBER(_xlfn.XMATCH("Reroll Hits",TRIM(_xlfn.TEXTSPLIT(_xlpm.src,",")))),_xlpm.r,KW(_xlpm.src,"Reroll Hits"),IF(_xlpm.full,2,IF(N(_xlpm.r)>=1,1,0))))))} | AX14: {=IF($C14="","",_xlfn.LET(_xlpm.src,$I14&", "&$AC$3,_xlpm.full,OR($AE14,ISNUMBER(_xlfn.XMATCH("Reroll Wounds",TRIM(_xlfn.TEXTSPLIT(_xlpm.src,","))))),_xlpm.r,KW(_xlpm.src,"Reroll Wounds"),IF(_xlpm.full,2,IF(N(_xlpm.r)>=1,1,0))))} | AY14: =IF($C14="","",IF($AA14,0,_xlfn.LET(_xlpm.pc,(7-$BC14)/6,_xlpm.p,MAX((7-$AO14)/6,_xlpm.pc),IF($AW14=2,_xlpm.pc+(1-_xlpm.p)*_xlpm.pc,IF($AW14=1,_xlpm.pc+_xlpm.pc/6,_xlpm.pc))))) | AZ14: {=IF($C14="","",KWSUM($I14&", "&$AC$3,"Attacks Modifier"))} | BA14: {=IF($C14="","",KWSUM($I14&", "&$AC$3,"Strength Modifier"))} | BB14: {=IF($C14="","",KWSUM($I14&", "&$AC$3,"BS Modifier"))} | BC14: {=IF($C14="","",_xlfn.LET(_xlpm.src,$I14&", "&$AC$3,_xlpm.c,KWMIN(_xlpm.src,"Critical Hits"),IF(KW(_xlpm.src,"Snap Shooting")=TRUE,6,IF(ISNUMBER(_xlpm.c),MEDIAN(2,6,_xlpm.c),6))))} | BD14: {=IF($C14="","",KWSUM($I14&", "&$AC$3,"Save Modifier"))} | BH14: Plague Marines (Meele) (DeathGuard)
A15: TRUE | B15: 1 | P15: {=IF(OR($C15="",NOT($A15)),"",N($B15)*(MAX(1,DICEAVG($D15)+$AZ15)+$AH15*($E$3="Yes")+($AI15+$AJ15)*INT($H$3/5)))} | Q15: =IF(OR($C15="",NOT($A15)),"",IF($AA15,$P15,_xlfn.LET(_xlpm.p,MAX((7-$AO15)/6,(7-$BC15)/6),_xlpm.ph,IF($AW15=2,_xlpm.p+(1-_xlpm.p)*_xlpm.p,IF($AW15=1,_xlpm.p+_xlpm.p/6,_xlpm.p)),$P15*_xlpm.ph+$P15*$AY15*$AC15))) | R15: =IF(OR($C15="",NOT($A15)),"",IF(AND($AB15,NOT($AA15)),$P15*$AY15,0)) | S15: =IF(OR($C15="",NOT($A15)),"",_xlfn.LET(_xlpm.n,$Q15-$R15,_xlpm.pW,(7-$AP15)/6,_xlpm.pC,(7-$AN15)/6,_xlpm.pT,MAX(_xlpm.pW,_xlpm.pC),_xlpm.rr,$AX15,_xlpm.n*IF(_xlpm.rr=2,1-(1-_xlpm.pT)^2,IF(_xlpm.rr=1,_xlpm.pT+_xlpm.pT/6,_xlpm.pT))+$R15)) | T15: =IF(OR($C15="",NOT($A15)),"",IF($AD15,_xlfn.LET(_xlpm.n,$Q15-$R15,_xlpm.pW,(7-$AP15)/6,_xlpm.pC,(7-$AN15)/6,_xlpm.pT,MAX(_xlpm.pW,_xlpm.pC),_xlpm.rr,$AX15,_xlpm.n*IF(_xlpm.rr=2,_xlpm.pC+(1-_xlpm.pT)*_xlpm.pC,IF(_xlpm.rr=1,_xlpm.pC+_xlpm.pC/6,_xlpm.pC))),0)) | U15: =IF(OR($C15="",NOT($A15)),"",($S15-$T15)*($AQ15-1)/6) | V15: {=IF(OR($C15="",NOT($A15)),"",MAX(1,DICEAVG($H15)+$AK15*($E$3="Yes")+$AV15+$AH$3))} | W15: =IF(OR($C15="",NOT($A15)),"",($U15+$T15)*IF(N($K$6)>0,MIN($V15,$K$6),$V15)*($AA$3-1)/6) | X15: =IF(OR($C15="",NOT($A15),$AR15=""),"",MIN($H$3,($U15+$T15)/$AR15)) | Y15: =IF(OR($C15="",NOT($A15)),"",TEXT($W15,"0.00")&" dmg"&IF($X15="","",", "&TEXT($X15,"0.00")&" kills")) | AA15: {=IF($C15="","",KW(($I15&", "&$AC$3),"Torrent")=TRUE)} | AB15: {=IF($C15="","",KW(($I15&", "&$AC$3),"Lethal Hits")=TRUE)} | AC15: {=IF($C15="","",N(KW(($I15&", "&$AC$3),"Sustained Hits")))} | AD15: {=IF($C15="","",KW(($I15&", "&$AC$3),"Devastating Wounds")=TRUE)} | AE15: {=IF($C15="","",KW(($I15&", "&$AC$3),"Twin-Linked")=TRUE)} | AF15: {=IF($C15="","",KW(($I15&", "&$AC$3),"Lance")=TRUE)} | AG15: {=IF($C15="","",KW(($I15&", "&$AC$3),"Heavy")=TRUE)} | AH15: {=IF($C15="","",N(KW(($I15&", "&$AC$3),"Rapid Fire")))} | AI15: {=IF($C15="","",N(KW(($I15&", "&$AC$3),"Blast")))} | AJ15: {=IF($C15="","",N(KW(($I15&", "&$AC$3),"Cleave")))} | AK15: {=IF($C15="","",N(KW(($I15&", "&$AC$3),"Melta")))} | AL15: {=IF($C15="","",KW(($I15&", "&$AC$3),"Ignores Cover")=TRUE)} | AM15: {=IF($C15="","",KW(($I15&", "&$AC$3),"Psychic")=TRUE)} | AN15: {=IF($C15="","",_xlfn.LET(_xlpm.src,$I15&", "&$AC$3,_xlpm.a,KWANTI(_xlpm.src,($O$6&", "&$AD$3)),_xlpm.c,KWMIN(_xlpm.src,"Critical Wounds"),MIN(_xlpm.a,IF(ISNUMBER(_xlpm.c),MEDIAN(2,6,_xlpm.c),6))))} | AO15: {=IF($C15="","",IF($AA15,0,_xlfn.LET(_xlpm.src,$I15&", "&$AC$3,_xlpm.stat,$F$3="Yes",IF(KW(_xlpm.src,"Snap Shooting")=TRUE,IF(_xlpm.stat,4,6),_xlfn.LET(_xlpm.psy,$AM15,_xlpm.hv,$AG15*_xlpm.stat,_xlpm.dmg,-($I$3="Yes"),_xlpm.am,$AS15,_xlpm.tm,$AI$3,_xlpm.mods,IF(_xlpm.psy,MAX(0,_xlpm.hv)+MAX(0,_xlpm.am)+MAX(0,_xlpm.tm),_xlpm.hv+_xlpm.dmg+_xlpm.am+_xlpm.tm),_xlpm.cov,AND(OR($G$3="Yes",$AB$3),NOT($AL15),NOT(_xlpm.psy)),_xlpm.bs,MIN(6,MAX(2,$E15+IF(_xlpm.psy,MIN(0,$BB15),$BB15+_xlpm.cov))),MEDIAN(2,6,_xlpm.bs-MAX(-1,MIN(1,_xlpm.mods))))))))} | AP15: =IF($C15="","",_xlfn.LET(_xlpm.s,MAX(1,$F15+$BA15),_xlpm.t,MAX(1,N($J$6)+$AF$3),_xlpm.base,7-(1+(_xlpm.s>=2*_xlpm.t)+(_xlpm.s>_xlpm.t)+(_xlpm.s>=_xlpm.t)+(_xlpm.s>_xlpm.t/2)),MEDIAN(2,6,_xlpm.base-MAX(-1,MIN(1,$AT15+$AJ$3))))) | AQ15: =IF($C15="","",_xlfn.LET(_xlpm.ap,MIN(0,$G15+$AU15+$AK$3),_xlpm.arm,$L$6-_xlpm.ap-$AG$3-$BD15,_xlpm.inv,IF(ISNUMBER($M$6),$M$6,7),MEDIAN(2,7,MIN(_xlpm.arm,_xlpm.inv)))) | AR15: =IF(OR($C15="",N($K$6)<=0),"",ROUNDUP($K$6/MIN($V15,$K$6),0)/(($AA$3-1)/6)) | AS15: {=IF($C15="","",KWSUM(($I15&", "&$AC$3),"Hit Modifier"))} | AT15: {=IF($C15="","",KWSUM(($I15&", "&$AC$3),"Wound Modifier"))} | AU15: {=IF($C15="","",KWSUM(($I15&", "&$AC$3),"AP Modifier"))} | AV15: {=IF($C15="","",KWSUM(($I15&", "&$AC$3),"Damage Modifier"))} | AW15: {=IF($C15="","",_xlfn.LET(_xlpm.src,$I15&", "&$AC$3,IF(KW(_xlpm.src,"Snap Shooting")=TRUE,0,_xlfn.LET(_xlpm.full,ISNUMBER(_xlfn.XMATCH("Reroll Hits",TRIM(_xlfn.TEXTSPLIT(_xlpm.src,",")))),_xlpm.r,KW(_xlpm.src,"Reroll Hits"),IF(_xlpm.full,2,IF(N(_xlpm.r)>=1,1,0))))))} | AX15: {=IF($C15="","",_xlfn.LET(_xlpm.src,$I15&", "&$AC$3,_xlpm.full,OR($AE15,ISNUMBER(_xlfn.XMATCH("Reroll Wounds",TRIM(_xlfn.TEXTSPLIT(_xlpm.src,","))))),_xlpm.r,KW(_xlpm.src,"Reroll Wounds"),IF(_xlpm.full,2,IF(N(_xlpm.r)>=1,1,0))))} | AY15: =IF($C15="","",IF($AA15,0,_xlfn.LET(_xlpm.pc,(7-$BC15)/6,_xlpm.p,MAX((7-$AO15)/6,_xlpm.pc),IF($AW15=2,_xlpm.pc+(1-_xlpm.p)*_xlpm.pc,IF($AW15=1,_xlpm.pc+_xlpm.pc/6,_xlpm.pc))))) | AZ15: {=IF($C15="","",KWSUM($I15&", "&$AC$3,"Attacks Modifier"))} | BA15: {=IF($C15="","",KWSUM($I15&", "&$AC$3,"Strength Modifier"))} | BB15: {=IF($C15="","",KWSUM($I15&", "&$AC$3,"BS Modifier"))} | BC15: {=IF($C15="","",_xlfn.LET(_xlpm.src,$I15&", "&$AC$3,_xlpm.c,KWMIN(_xlpm.src,"Critical Hits"),IF(KW(_xlpm.src,"Snap Shooting")=TRUE,6,IF(ISNUMBER(_xlpm.c),MEDIAN(2,6,_xlpm.c),6))))} | BD15: {=IF($C15="","",KWSUM($I15&", "&$AC$3,"Save Modifier"))} | BH15: Intercessor (Space Marines)
A16: TRUE | B16: 1 | P16: {=IF(OR($C16="",NOT($A16)),"",N($B16)*(MAX(1,DICEAVG($D16)+$AZ16)+$AH16*($E$3="Yes")+($AI16+$AJ16)*INT($H$3/5)))} | Q16: =IF(OR($C16="",NOT($A16)),"",IF($AA16,$P16,_xlfn.LET(_xlpm.p,MAX((7-$AO16)/6,(7-$BC16)/6),_xlpm.ph,IF($AW16=2,_xlpm.p+(1-_xlpm.p)*_xlpm.p,IF($AW16=1,_xlpm.p+_xlpm.p/6,_xlpm.p)),$P16*_xlpm.ph+$P16*$AY16*$AC16))) | R16: =IF(OR($C16="",NOT($A16)),"",IF(AND($AB16,NOT($AA16)),$P16*$AY16,0)) | S16: =IF(OR($C16="",NOT($A16)),"",_xlfn.LET(_xlpm.n,$Q16-$R16,_xlpm.pW,(7-$AP16)/6,_xlpm.pC,(7-$AN16)/6,_xlpm.pT,MAX(_xlpm.pW,_xlpm.pC),_xlpm.rr,$AX16,_xlpm.n*IF(_xlpm.rr=2,1-(1-_xlpm.pT)^2,IF(_xlpm.rr=1,_xlpm.pT+_xlpm.pT/6,_xlpm.pT))+$R16)) | T16: =IF(OR($C16="",NOT($A16)),"",IF($AD16,_xlfn.LET(_xlpm.n,$Q16-$R16,_xlpm.pW,(7-$AP16)/6,_xlpm.pC,(7-$AN16)/6,_xlpm.pT,MAX(_xlpm.pW,_xlpm.pC),_xlpm.rr,$AX16,_xlpm.n*IF(_xlpm.rr=2,_xlpm.pC+(1-_xlpm.pT)*_xlpm.pC,IF(_xlpm.rr=1,_xlpm.pC+_xlpm.pC/6,_xlpm.pC))),0)) | U16: =IF(OR($C16="",NOT($A16)),"",($S16-$T16)*($AQ16-1)/6) | V16: {=IF(OR($C16="",NOT($A16)),"",MAX(1,DICEAVG($H16)+$AK16*($E$3="Yes")+$AV16+$AH$3))} | W16: =IF(OR($C16="",NOT($A16)),"",($U16+$T16)*IF(N($K$6)>0,MIN($V16,$K$6),$V16)*($AA$3-1)/6) | X16: =IF(OR($C16="",NOT($A16),$AR16=""),"",MIN($H$3,($U16+$T16)/$AR16)) | Y16: =IF(OR($C16="",NOT($A16)),"",TEXT($W16,"0.00")&" dmg"&IF($X16="","",", "&TEXT($X16,"0.00")&" kills")) | AA16: {=IF($C16="","",KW(($I16&", "&$AC$3),"Torrent")=TRUE)} | AB16: {=IF($C16="","",KW(($I16&", "&$AC$3),"Lethal Hits")=TRUE)} | AC16: {=IF($C16="","",N(KW(($I16&", "&$AC$3),"Sustained Hits")))} | AD16: {=IF($C16="","",KW(($I16&", "&$AC$3),"Devastating Wounds")=TRUE)} | AE16: {=IF($C16="","",KW(($I16&", "&$AC$3),"Twin-Linked")=TRUE)} | AF16: {=IF($C16="","",KW(($I16&", "&$AC$3),"Lance")=TRUE)} | AG16: {=IF($C16="","",KW(($I16&", "&$AC$3),"Heavy")=TRUE)} | AH16: {=IF($C16="","",N(KW(($I16&", "&$AC$3),"Rapid Fire")))} | AI16: {=IF($C16="","",N(KW(($I16&", "&$AC$3),"Blast")))} | AJ16: {=IF($C16="","",N(KW(($I16&", "&$AC$3),"Cleave")))} | AK16: {=IF($C16="","",N(KW(($I16&", "&$AC$3),"Melta")))} | AL16: {=IF($C16="","",KW(($I16&", "&$AC$3),"Ignores Cover")=TRUE)} | AM16: {=IF($C16="","",KW(($I16&", "&$AC$3),"Psychic")=TRUE)} | AN16: {=IF($C16="","",_xlfn.LET(_xlpm.src,$I16&", "&$AC$3,_xlpm.a,KWANTI(_xlpm.src,($O$6&", "&$AD$3)),_xlpm.c,KWMIN(_xlpm.src,"Critical Wounds"),MIN(_xlpm.a,IF(ISNUMBER(_xlpm.c),MEDIAN(2,6,_xlpm.c),6))))} | AO16: {=IF($C16="","",IF($AA16,0,_xlfn.LET(_xlpm.src,$I16&", "&$AC$3,_xlpm.stat,$F$3="Yes",IF(KW(_xlpm.src,"Snap Shooting")=TRUE,IF(_xlpm.stat,4,6),_xlfn.LET(_xlpm.psy,$AM16,_xlpm.hv,$AG16*_xlpm.stat,_xlpm.dmg,-($I$3="Yes"),_xlpm.am,$AS16,_xlpm.tm,$AI$3,_xlpm.mods,IF(_xlpm.psy,MAX(0,_xlpm.hv)+MAX(0,_xlpm.am)+MAX(0,_xlpm.tm),_xlpm.hv+_xlpm.dmg+_xlpm.am+_xlpm.tm),_xlpm.cov,AND(OR($G$3="Yes",$AB$3),NOT($AL16),NOT(_xlpm.psy)),_xlpm.bs,MIN(6,MAX(2,$E16+IF(_xlpm.psy,MIN(0,$BB16),$BB16+_xlpm.cov))),MEDIAN(2,6,_xlpm.bs-MAX(-1,MIN(1,_xlpm.mods))))))))} | AP16: =IF($C16="","",_xlfn.LET(_xlpm.s,MAX(1,$F16+$BA16),_xlpm.t,MAX(1,N($J$6)+$AF$3),_xlpm.base,7-(1+(_xlpm.s>=2*_xlpm.t)+(_xlpm.s>_xlpm.t)+(_xlpm.s>=_xlpm.t)+(_xlpm.s>_xlpm.t/2)),MEDIAN(2,6,_xlpm.base-MAX(-1,MIN(1,$AT16+$AJ$3))))) | AQ16: =IF($C16="","",_xlfn.LET(_xlpm.ap,MIN(0,$G16+$AU16+$AK$3),_xlpm.arm,$L$6-_xlpm.ap-$AG$3-$BD16,_xlpm.inv,IF(ISNUMBER($M$6),$M$6,7),MEDIAN(2,7,MIN(_xlpm.arm,_xlpm.inv)))) | AR16: =IF(OR($C16="",N($K$6)<=0),"",ROUNDUP($K$6/MIN($V16,$K$6),0)/(($AA$3-1)/6)) | AS16: {=IF($C16="","",KWSUM(($I16&", "&$AC$3),"Hit Modifier"))} | AT16: {=IF($C16="","",KWSUM(($I16&", "&$AC$3),"Wound Modifier"))} | AU16: {=IF($C16="","",KWSUM(($I16&", "&$AC$3),"AP Modifier"))} | AV16: {=IF($C16="","",KWSUM(($I16&", "&$AC$3),"Damage Modifier"))} | AW16: {=IF($C16="","",_xlfn.LET(_xlpm.src,$I16&", "&$AC$3,IF(KW(_xlpm.src,"Snap Shooting")=TRUE,0,_xlfn.LET(_xlpm.full,ISNUMBER(_xlfn.XMATCH("Reroll Hits",TRIM(_xlfn.TEXTSPLIT(_xlpm.src,",")))),_xlpm.r,KW(_xlpm.src,"Reroll Hits"),IF(_xlpm.full,2,IF(N(_xlpm.r)>=1,1,0))))))} | AX16: {=IF($C16="","",_xlfn.LET(_xlpm.src,$I16&", "&$AC$3,_xlpm.full,OR($AE16,ISNUMBER(_xlfn.XMATCH("Reroll Wounds",TRIM(_xlfn.TEXTSPLIT(_xlpm.src,","))))),_xlpm.r,KW(_xlpm.src,"Reroll Wounds"),IF(_xlpm.full,2,IF(N(_xlpm.r)>=1,1,0))))} | AY16: =IF($C16="","",IF($AA16,0,_xlfn.LET(_xlpm.pc,(7-$BC16)/6,_xlpm.p,MAX((7-$AO16)/6,_xlpm.pc),IF($AW16=2,_xlpm.pc+(1-_xlpm.p)*_xlpm.pc,IF($AW16=1,_xlpm.pc+_xlpm.pc/6,_xlpm.pc))))) | AZ16: {=IF($C16="","",KWSUM($I16&", "&$AC$3,"Attacks Modifier"))} | BA16: {=IF($C16="","",KWSUM($I16&", "&$AC$3,"Strength Modifier"))} | BB16: {=IF($C16="","",KWSUM($I16&", "&$AC$3,"BS Modifier"))} | BC16: {=IF($C16="","",_xlfn.LET(_xlpm.src,$I16&", "&$AC$3,_xlpm.c,KWMIN(_xlpm.src,"Critical Hits"),IF(KW(_xlpm.src,"Snap Shooting")=TRUE,6,IF(ISNUMBER(_xlpm.c),MEDIAN(2,6,_xlpm.c),6))))} | BD16: {=IF($C16="","",KWSUM($I16&", "&$AC$3,"Save Modifier"))} | BH16: Kabalite Warrior (Drukhari)
A17: TRUE | B17: 1 | P17: {=IF(OR($C17="",NOT($A17)),"",N($B17)*(MAX(1,DICEAVG($D17)+$AZ17)+$AH17*($E$3="Yes")+($AI17+$AJ17)*INT($H$3/5)))} | Q17: =IF(OR($C17="",NOT($A17)),"",IF($AA17,$P17,_xlfn.LET(_xlpm.p,MAX((7-$AO17)/6,(7-$BC17)/6),_xlpm.ph,IF($AW17=2,_xlpm.p+(1-_xlpm.p)*_xlpm.p,IF($AW17=1,_xlpm.p+_xlpm.p/6,_xlpm.p)),$P17*_xlpm.ph+$P17*$AY17*$AC17))) | R17: =IF(OR($C17="",NOT($A17)),"",IF(AND($AB17,NOT($AA17)),$P17*$AY17,0)) | S17: =IF(OR($C17="",NOT($A17)),"",_xlfn.LET(_xlpm.n,$Q17-$R17,_xlpm.pW,(7-$AP17)/6,_xlpm.pC,(7-$AN17)/6,_xlpm.pT,MAX(_xlpm.pW,_xlpm.pC),_xlpm.rr,$AX17,_xlpm.n*IF(_xlpm.rr=2,1-(1-_xlpm.pT)^2,IF(_xlpm.rr=1,_xlpm.pT+_xlpm.pT/6,_xlpm.pT))+$R17)) | T17: =IF(OR($C17="",NOT($A17)),"",IF($AD17,_xlfn.LET(_xlpm.n,$Q17-$R17,_xlpm.pW,(7-$AP17)/6,_xlpm.pC,(7-$AN17)/6,_xlpm.pT,MAX(_xlpm.pW,_xlpm.pC),_xlpm.rr,$AX17,_xlpm.n*IF(_xlpm.rr=2,_xlpm.pC+(1-_xlpm.pT)*_xlpm.pC,IF(_xlpm.rr=1,_xlpm.pC+_xlpm.pC/6,_xlpm.pC))),0)) | U17: =IF(OR($C17="",NOT($A17)),"",($S17-$T17)*($AQ17-1)/6) | V17: {=IF(OR($C17="",NOT($A17)),"",MAX(1,DICEAVG($H17)+$AK17*($E$3="Yes")+$AV17+$AH$3))} | W17: =IF(OR($C17="",NOT($A17)),"",($U17+$T17)*IF(N($K$6)>0,MIN($V17,$K$6),$V17)*($AA$3-1)/6) | X17: =IF(OR($C17="",NOT($A17),$AR17=""),"",MIN($H$3,($U17+$T17)/$AR17)) | Y17: =IF(OR($C17="",NOT($A17)),"",TEXT($W17,"0.00")&" dmg"&IF($X17="","",", "&TEXT($X17,"0.00")&" kills")) | AA17: {=IF($C17="","",KW(($I17&", "&$AC$3),"Torrent")=TRUE)} | AB17: {=IF($C17="","",KW(($I17&", "&$AC$3),"Lethal Hits")=TRUE)} | AC17: {=IF($C17="","",N(KW(($I17&", "&$AC$3),"Sustained Hits")))} | AD17: {=IF($C17="","",KW(($I17&", "&$AC$3),"Devastating Wounds")=TRUE)} | AE17: {=IF($C17="","",KW(($I17&", "&$AC$3),"Twin-Linked")=TRUE)} | AF17: {=IF($C17="","",KW(($I17&", "&$AC$3),"Lance")=TRUE)} | AG17: {=IF($C17="","",KW(($I17&", "&$AC$3),"Heavy")=TRUE)} | AH17: {=IF($C17="","",N(KW(($I17&", "&$AC$3),"Rapid Fire")))} | AI17: {=IF($C17="","",N(KW(($I17&", "&$AC$3),"Blast")))} | AJ17: {=IF($C17="","",N(KW(($I17&", "&$AC$3),"Cleave")))} | AK17: {=IF($C17="","",N(KW(($I17&", "&$AC$3),"Melta")))} | AL17: {=IF($C17="","",KW(($I17&", "&$AC$3),"Ignores Cover")=TRUE)} | AM17: {=IF($C17="","",KW(($I17&", "&$AC$3),"Psychic")=TRUE)} | AN17: {=IF($C17="","",_xlfn.LET(_xlpm.src,$I17&", "&$AC$3,_xlpm.a,KWANTI(_xlpm.src,($O$6&", "&$AD$3)),_xlpm.c,KWMIN(_xlpm.src,"Critical Wounds"),MIN(_xlpm.a,IF(ISNUMBER(_xlpm.c),MEDIAN(2,6,_xlpm.c),6))))} | AO17: {=IF($C17="","",IF($AA17,0,_xlfn.LET(_xlpm.src,$I17&", "&$AC$3,_xlpm.stat,$F$3="Yes",IF(KW(_xlpm.src,"Snap Shooting")=TRUE,IF(_xlpm.stat,4,6),_xlfn.LET(_xlpm.psy,$AM17,_xlpm.hv,$AG17*_xlpm.stat,_xlpm.dmg,-($I$3="Yes"),_xlpm.am,$AS17,_xlpm.tm,$AI$3,_xlpm.mods,IF(_xlpm.psy,MAX(0,_xlpm.hv)+MAX(0,_xlpm.am)+MAX(0,_xlpm.tm),_xlpm.hv+_xlpm.dmg+_xlpm.am+_xlpm.tm),_xlpm.cov,AND(OR($G$3="Yes",$AB$3),NOT($AL17),NOT(_xlpm.psy)),_xlpm.bs,MIN(6,MAX(2,$E17+IF(_xlpm.psy,MIN(0,$BB17),$BB17+_xlpm.cov))),MEDIAN(2,6,_xlpm.bs-MAX(-1,MIN(1,_xlpm.mods))))))))} | AP17: =IF($C17="","",_xlfn.LET(_xlpm.s,MAX(1,$F17+$BA17),_xlpm.t,MAX(1,N($J$6)+$AF$3),_xlpm.base,7-(1+(_xlpm.s>=2*_xlpm.t)+(_xlpm.s>_xlpm.t)+(_xlpm.s>=_xlpm.t)+(_xlpm.s>_xlpm.t/2)),MEDIAN(2,6,_xlpm.base-MAX(-1,MIN(1,$AT17+$AJ$3))))) | AQ17: =IF($C17="","",_xlfn.LET(_xlpm.ap,MIN(0,$G17+$AU17+$AK$3),_xlpm.arm,$L$6-_xlpm.ap-$AG$3-$BD17,_xlpm.inv,IF(ISNUMBER($M$6),$M$6,7),MEDIAN(2,7,MIN(_xlpm.arm,_xlpm.inv)))) | AR17: =IF(OR($C17="",N($K$6)<=0),"",ROUNDUP($K$6/MIN($V17,$K$6),0)/(($AA$3-1)/6)) | AS17: {=IF($C17="","",KWSUM(($I17&", "&$AC$3),"Hit Modifier"))} | AT17: {=IF($C17="","",KWSUM(($I17&", "&$AC$3),"Wound Modifier"))} | AU17: {=IF($C17="","",KWSUM(($I17&", "&$AC$3),"AP Modifier"))} | AV17: {=IF($C17="","",KWSUM(($I17&", "&$AC$3),"Damage Modifier"))} | AW17: {=IF($C17="","",_xlfn.LET(_xlpm.src,$I17&", "&$AC$3,IF(KW(_xlpm.src,"Snap Shooting")=TRUE,0,_xlfn.LET(_xlpm.full,ISNUMBER(_xlfn.XMATCH("Reroll Hits",TRIM(_xlfn.TEXTSPLIT(_xlpm.src,",")))),_xlpm.r,KW(_xlpm.src,"Reroll Hits"),IF(_xlpm.full,2,IF(N(_xlpm.r)>=1,1,0))))))} | AX17: {=IF($C17="","",_xlfn.LET(_xlpm.src,$I17&", "&$AC$3,_xlpm.full,OR($AE17,ISNUMBER(_xlfn.XMATCH("Reroll Wounds",TRIM(_xlfn.TEXTSPLIT(_xlpm.src,","))))),_xlpm.r,KW(_xlpm.src,"Reroll Wounds"),IF(_xlpm.full,2,IF(N(_xlpm.r)>=1,1,0))))} | AY17: =IF($C17="","",IF($AA17,0,_xlfn.LET(_xlpm.pc,(7-$BC17)/6,_xlpm.p,MAX((7-$AO17)/6,_xlpm.pc),IF($AW17=2,_xlpm.pc+(1-_xlpm.p)*_xlpm.pc,IF($AW17=1,_xlpm.pc+_xlpm.pc/6,_xlpm.pc))))) | AZ17: {=IF($C17="","",KWSUM($I17&", "&$AC$3,"Attacks Modifier"))} | BA17: {=IF($C17="","",KWSUM($I17&", "&$AC$3,"Strength Modifier"))} | BB17: {=IF($C17="","",KWSUM($I17&", "&$AC$3,"BS Modifier"))} | BC17: {=IF($C17="","",_xlfn.LET(_xlpm.src,$I17&", "&$AC$3,_xlpm.c,KWMIN(_xlpm.src,"Critical Hits"),IF(KW(_xlpm.src,"Snap Shooting")=TRUE,6,IF(ISNUMBER(_xlpm.c),MEDIAN(2,6,_xlpm.c),6))))} | BD17: {=IF($C17="","",KWSUM($I17&", "&$AC$3,"Save Modifier"))} | BH17: Ravager (Drukhari)
A18: TRUE | B18: 1 | P18: {=IF(OR($C18="",NOT($A18)),"",N($B18)*(MAX(1,DICEAVG($D18)+$AZ18)+$AH18*($E$3="Yes")+($AI18+$AJ18)*INT($H$3/5)))} | Q18: =IF(OR($C18="",NOT($A18)),"",IF($AA18,$P18,_xlfn.LET(_xlpm.p,MAX((7-$AO18)/6,(7-$BC18)/6),_xlpm.ph,IF($AW18=2,_xlpm.p+(1-_xlpm.p)*_xlpm.p,IF($AW18=1,_xlpm.p+_xlpm.p/6,_xlpm.p)),$P18*_xlpm.ph+$P18*$AY18*$AC18))) | R18: =IF(OR($C18="",NOT($A18)),"",IF(AND($AB18,NOT($AA18)),$P18*$AY18,0)) | S18: =IF(OR($C18="",NOT($A18)),"",_xlfn.LET(_xlpm.n,$Q18-$R18,_xlpm.pW,(7-$AP18)/6,_xlpm.pC,(7-$AN18)/6,_xlpm.pT,MAX(_xlpm.pW,_xlpm.pC),_xlpm.rr,$AX18,_xlpm.n*IF(_xlpm.rr=2,1-(1-_xlpm.pT)^2,IF(_xlpm.rr=1,_xlpm.pT+_xlpm.pT/6,_xlpm.pT))+$R18)) | T18: =IF(OR($C18="",NOT($A18)),"",IF($AD18,_xlfn.LET(_xlpm.n,$Q18-$R18,_xlpm.pW,(7-$AP18)/6,_xlpm.pC,(7-$AN18)/6,_xlpm.pT,MAX(_xlpm.pW,_xlpm.pC),_xlpm.rr,$AX18,_xlpm.n*IF(_xlpm.rr=2,_xlpm.pC+(1-_xlpm.pT)*_xlpm.pC,IF(_xlpm.rr=1,_xlpm.pC+_xlpm.pC/6,_xlpm.pC))),0)) | U18: =IF(OR($C18="",NOT($A18)),"",($S18-$T18)*($AQ18-1)/6) | V18: {=IF(OR($C18="",NOT($A18)),"",MAX(1,DICEAVG($H18)+$AK18*($E$3="Yes")+$AV18+$AH$3))} | W18: =IF(OR($C18="",NOT($A18)),"",($U18+$T18)*IF(N($K$6)>0,MIN($V18,$K$6),$V18)*($AA$3-1)/6) | X18: =IF(OR($C18="",NOT($A18),$AR18=""),"",MIN($H$3,($U18+$T18)/$AR18)) | Y18: =IF(OR($C18="",NOT($A18)),"",TEXT($W18,"0.00")&" dmg"&IF($X18="","",", "&TEXT($X18,"0.00")&" kills")) | AA18: {=IF($C18="","",KW(($I18&", "&$AC$3),"Torrent")=TRUE)} | AB18: {=IF($C18="","",KW(($I18&", "&$AC$3),"Lethal Hits")=TRUE)} | AC18: {=IF($C18="","",N(KW(($I18&", "&$AC$3),"Sustained Hits")))} | AD18: {=IF($C18="","",KW(($I18&", "&$AC$3),"Devastating Wounds")=TRUE)} | AE18: {=IF($C18="","",KW(($I18&", "&$AC$3),"Twin-Linked")=TRUE)} | AF18: {=IF($C18="","",KW(($I18&", "&$AC$3),"Lance")=TRUE)} | AG18: {=IF($C18="","",KW(($I18&", "&$AC$3),"Heavy")=TRUE)} | AH18: {=IF($C18="","",N(KW(($I18&", "&$AC$3),"Rapid Fire")))} | AI18: {=IF($C18="","",N(KW(($I18&", "&$AC$3),"Blast")))} | AJ18: {=IF($C18="","",N(KW(($I18&", "&$AC$3),"Cleave")))} | AK18: {=IF($C18="","",N(KW(($I18&", "&$AC$3),"Melta")))} | AL18: {=IF($C18="","",KW(($I18&", "&$AC$3),"Ignores Cover")=TRUE)} | AM18: {=IF($C18="","",KW(($I18&", "&$AC$3),"Psychic")=TRUE)} | AN18: {=IF($C18="","",_xlfn.LET(_xlpm.src,$I18&", "&$AC$3,_xlpm.a,KWANTI(_xlpm.src,($O$6&", "&$AD$3)),_xlpm.c,KWMIN(_xlpm.src,"Critical Wounds"),MIN(_xlpm.a,IF(ISNUMBER(_xlpm.c),MEDIAN(2,6,_xlpm.c),6))))} | AO18: {=IF($C18="","",IF($AA18,0,_xlfn.LET(_xlpm.src,$I18&", "&$AC$3,_xlpm.stat,$F$3="Yes",IF(KW(_xlpm.src,"Snap Shooting")=TRUE,IF(_xlpm.stat,4,6),_xlfn.LET(_xlpm.psy,$AM18,_xlpm.hv,$AG18*_xlpm.stat,_xlpm.dmg,-($I$3="Yes"),_xlpm.am,$AS18,_xlpm.tm,$AI$3,_xlpm.mods,IF(_xlpm.psy,MAX(0,_xlpm.hv)+MAX(0,_xlpm.am)+MAX(0,_xlpm.tm),_xlpm.hv+_xlpm.dmg+_xlpm.am+_xlpm.tm),_xlpm.cov,AND(OR($G$3="Yes",$AB$3),NOT($AL18),NOT(_xlpm.psy)),_xlpm.bs,MIN(6,MAX(2,$E18+IF(_xlpm.psy,MIN(0,$BB18),$BB18+_xlpm.cov))),MEDIAN(2,6,_xlpm.bs-MAX(-1,MIN(1,_xlpm.mods))))))))} | AP18: =IF($C18="","",_xlfn.LET(_xlpm.s,MAX(1,$F18+$BA18),_xlpm.t,MAX(1,N($J$6)+$AF$3),_xlpm.base,7-(1+(_xlpm.s>=2*_xlpm.t)+(_xlpm.s>_xlpm.t)+(_xlpm.s>=_xlpm.t)+(_xlpm.s>_xlpm.t/2)),MEDIAN(2,6,_xlpm.base-MAX(-1,MIN(1,$AT18+$AJ$3))))) | AQ18: =IF($C18="","",_xlfn.LET(_xlpm.ap,MIN(0,$G18+$AU18+$AK$3),_xlpm.arm,$L$6-_xlpm.ap-$AG$3-$BD18,_xlpm.inv,IF(ISNUMBER($M$6),$M$6,7),MEDIAN(2,7,MIN(_xlpm.arm,_xlpm.inv)))) | AR18: =IF(OR($C18="",N($K$6)<=0),"",ROUNDUP($K$6/MIN($V18,$K$6),0)/(($AA$3-1)/6)) | AS18: {=IF($C18="","",KWSUM(($I18&", "&$AC$3),"Hit Modifier"))} | AT18: {=IF($C18="","",KWSUM(($I18&", "&$AC$3),"Wound Modifier"))} | AU18: {=IF($C18="","",KWSUM(($I18&", "&$AC$3),"AP Modifier"))} | AV18: {=IF($C18="","",KWSUM(($I18&", "&$AC$3),"Damage Modifier"))} | AW18: {=IF($C18="","",_xlfn.LET(_xlpm.src,$I18&", "&$AC$3,IF(KW(_xlpm.src,"Snap Shooting")=TRUE,0,_xlfn.LET(_xlpm.full,ISNUMBER(_xlfn.XMATCH("Reroll Hits",TRIM(_xlfn.TEXTSPLIT(_xlpm.src,",")))),_xlpm.r,KW(_xlpm.src,"Reroll Hits"),IF(_xlpm.full,2,IF(N(_xlpm.r)>=1,1,0))))))} | AX18: {=IF($C18="","",_xlfn.LET(_xlpm.src,$I18&", "&$AC$3,_xlpm.full,OR($AE18,ISNUMBER(_xlfn.XMATCH("Reroll Wounds",TRIM(_xlfn.TEXTSPLIT(_xlpm.src,","))))),_xlpm.r,KW(_xlpm.src,"Reroll Wounds"),IF(_xlpm.full,2,IF(N(_xlpm.r)>=1,1,0))))} | AY18: =IF($C18="","",IF($AA18,0,_xlfn.LET(_xlpm.pc,(7-$BC18)/6,_xlpm.p,MAX((7-$AO18)/6,_xlpm.pc),IF($AW18=2,_xlpm.pc+(1-_xlpm.p)*_xlpm.pc,IF($AW18=1,_xlpm.pc+_xlpm.pc/6,_xlpm.pc))))) | AZ18: {=IF($C18="","",KWSUM($I18&", "&$AC$3,"Attacks Modifier"))} | BA18: {=IF($C18="","",KWSUM($I18&", "&$AC$3,"Strength Modifier"))} | BB18: {=IF($C18="","",KWSUM($I18&", "&$AC$3,"BS Modifier"))} | BC18: {=IF($C18="","",_xlfn.LET(_xlpm.src,$I18&", "&$AC$3,_xlpm.c,KWMIN(_xlpm.src,"Critical Hits"),IF(KW(_xlpm.src,"Snap Shooting")=TRUE,6,IF(ISNUMBER(_xlpm.c),MEDIAN(2,6,_xlpm.c),6))))} | BD18: {=IF($C18="","",KWSUM($I18&", "&$AC$3,"Save Modifier"))} | BH18: Guardsman (Imperial Guard)
A19: TRUE | B19: 1 | P19: {=IF(OR($C19="",NOT($A19)),"",N($B19)*(MAX(1,DICEAVG($D19)+$AZ19)+$AH19*($E$3="Yes")+($AI19+$AJ19)*INT($H$3/5)))} | Q19: =IF(OR($C19="",NOT($A19)),"",IF($AA19,$P19,_xlfn.LET(_xlpm.p,MAX((7-$AO19)/6,(7-$BC19)/6),_xlpm.ph,IF($AW19=2,_xlpm.p+(1-_xlpm.p)*_xlpm.p,IF($AW19=1,_xlpm.p+_xlpm.p/6,_xlpm.p)),$P19*_xlpm.ph+$P19*$AY19*$AC19))) | R19: =IF(OR($C19="",NOT($A19)),"",IF(AND($AB19,NOT($AA19)),$P19*$AY19,0)) | S19: =IF(OR($C19="",NOT($A19)),"",_xlfn.LET(_xlpm.n,$Q19-$R19,_xlpm.pW,(7-$AP19)/6,_xlpm.pC,(7-$AN19)/6,_xlpm.pT,MAX(_xlpm.pW,_xlpm.pC),_xlpm.rr,$AX19,_xlpm.n*IF(_xlpm.rr=2,1-(1-_xlpm.pT)^2,IF(_xlpm.rr=1,_xlpm.pT+_xlpm.pT/6,_xlpm.pT))+$R19)) | T19: =IF(OR($C19="",NOT($A19)),"",IF($AD19,_xlfn.LET(_xlpm.n,$Q19-$R19,_xlpm.pW,(7-$AP19)/6,_xlpm.pC,(7-$AN19)/6,_xlpm.pT,MAX(_xlpm.pW,_xlpm.pC),_xlpm.rr,$AX19,_xlpm.n*IF(_xlpm.rr=2,_xlpm.pC+(1-_xlpm.pT)*_xlpm.pC,IF(_xlpm.rr=1,_xlpm.pC+_xlpm.pC/6,_xlpm.pC))),0)) | U19: =IF(OR($C19="",NOT($A19)),"",($S19-$T19)*($AQ19-1)/6) | V19: {=IF(OR($C19="",NOT($A19)),"",MAX(1,DICEAVG($H19)+$AK19*($E$3="Yes")+$AV19+$AH$3))} | W19: =IF(OR($C19="",NOT($A19)),"",($U19+$T19)*IF(N($K$6)>0,MIN($V19,$K$6),$V19)*($AA$3-1)/6) | X19: =IF(OR($C19="",NOT($A19),$AR19=""),"",MIN($H$3,($U19+$T19)/$AR19)) | Y19: =IF(OR($C19="",NOT($A19)),"",TEXT($W19,"0.00")&" dmg"&IF($X19="","",", "&TEXT($X19,"0.00")&" kills")) | AA19: {=IF($C19="","",KW(($I19&", "&$AC$3),"Torrent")=TRUE)} | AB19: {=IF($C19="","",KW(($I19&", "&$AC$3),"Lethal Hits")=TRUE)} | AC19: {=IF($C19="","",N(KW(($I19&", "&$AC$3),"Sustained Hits")))} | AD19: {=IF($C19="","",KW(($I19&", "&$AC$3),"Devastating Wounds")=TRUE)} | AE19: {=IF($C19="","",KW(($I19&", "&$AC$3),"Twin-Linked")=TRUE)} | AF19: {=IF($C19="","",KW(($I19&", "&$AC$3),"Lance")=TRUE)} | AG19: {=IF($C19="","",KW(($I19&", "&$AC$3),"Heavy")=TRUE)} | AH19: {=IF($C19="","",N(KW(($I19&", "&$AC$3),"Rapid Fire")))} | AI19: {=IF($C19="","",N(KW(($I19&", "&$AC$3),"Blast")))} | AJ19: {=IF($C19="","",N(KW(($I19&", "&$AC$3),"Cleave")))} | AK19: {=IF($C19="","",N(KW(($I19&", "&$AC$3),"Melta")))} | AL19: {=IF($C19="","",KW(($I19&", "&$AC$3),"Ignores Cover")=TRUE)} | AM19: {=IF($C19="","",KW(($I19&", "&$AC$3),"Psychic")=TRUE)} | AN19: {=IF($C19="","",_xlfn.LET(_xlpm.src,$I19&", "&$AC$3,_xlpm.a,KWANTI(_xlpm.src,($O$6&", "&$AD$3)),_xlpm.c,KWMIN(_xlpm.src,"Critical Wounds"),MIN(_xlpm.a,IF(ISNUMBER(_xlpm.c),MEDIAN(2,6,_xlpm.c),6))))} | AO19: {=IF($C19="","",IF($AA19,0,_xlfn.LET(_xlpm.src,$I19&", "&$AC$3,_xlpm.stat,$F$3="Yes",IF(KW(_xlpm.src,"Snap Shooting")=TRUE,IF(_xlpm.stat,4,6),_xlfn.LET(_xlpm.psy,$AM19,_xlpm.hv,$AG19*_xlpm.stat,_xlpm.dmg,-($I$3="Yes"),_xlpm.am,$AS19,_xlpm.tm,$AI$3,_xlpm.mods,IF(_xlpm.psy,MAX(0,_xlpm.hv)+MAX(0,_xlpm.am)+MAX(0,_xlpm.tm),_xlpm.hv+_xlpm.dmg+_xlpm.am+_xlpm.tm),_xlpm.cov,AND(OR($G$3="Yes",$AB$3),NOT($AL19),NOT(_xlpm.psy)),_xlpm.bs,MIN(6,MAX(2,$E19+IF(_xlpm.psy,MIN(0,$BB19),$BB19+_xlpm.cov))),MEDIAN(2,6,_xlpm.bs-MAX(-1,MIN(1,_xlpm.mods))))))))} | AP19: =IF($C19="","",_xlfn.LET(_xlpm.s,MAX(1,$F19+$BA19),_xlpm.t,MAX(1,N($J$6)+$AF$3),_xlpm.base,7-(1+(_xlpm.s>=2*_xlpm.t)+(_xlpm.s>_xlpm.t)+(_xlpm.s>=_xlpm.t)+(_xlpm.s>_xlpm.t/2)),MEDIAN(2,6,_xlpm.base-MAX(-1,MIN(1,$AT19+$AJ$3))))) | AQ19: =IF($C19="","",_xlfn.LET(_xlpm.ap,MIN(0,$G19+$AU19+$AK$3),_xlpm.arm,$L$6-_xlpm.ap-$AG$3-$BD19,_xlpm.inv,IF(ISNUMBER($M$6),$M$6,7),MEDIAN(2,7,MIN(_xlpm.arm,_xlpm.inv)))) | AR19: =IF(OR($C19="",N($K$6)<=0),"",ROUNDUP($K$6/MIN($V19,$K$6),0)/(($AA$3-1)/6)) | AS19: {=IF($C19="","",KWSUM(($I19&", "&$AC$3),"Hit Modifier"))} | AT19: {=IF($C19="","",KWSUM(($I19&", "&$AC$3),"Wound Modifier"))} | AU19: {=IF($C19="","",KWSUM(($I19&", "&$AC$3),"AP Modifier"))} | AV19: {=IF($C19="","",KWSUM(($I19&", "&$AC$3),"Damage Modifier"))} | AW19: {=IF($C19="","",_xlfn.LET(_xlpm.src,$I19&", "&$AC$3,IF(KW(_xlpm.src,"Snap Shooting")=TRUE,0,_xlfn.LET(_xlpm.full,ISNUMBER(_xlfn.XMATCH("Reroll Hits",TRIM(_xlfn.TEXTSPLIT(_xlpm.src,",")))),_xlpm.r,KW(_xlpm.src,"Reroll Hits"),IF(_xlpm.full,2,IF(N(_xlpm.r)>=1,1,0))))))} | AX19: {=IF($C19="","",_xlfn.LET(_xlpm.src,$I19&", "&$AC$3,_xlpm.full,OR($AE19,ISNUMBER(_xlfn.XMATCH("Reroll Wounds",TRIM(_xlfn.TEXTSPLIT(_xlpm.src,","))))),_xlpm.r,KW(_xlpm.src,"Reroll Wounds"),IF(_xlpm.full,2,IF(N(_xlpm.r)>=1,1,0))))} | AY19: =IF($C19="","",IF($AA19,0,_xlfn.LET(_xlpm.pc,(7-$BC19)/6,_xlpm.p,MAX((7-$AO19)/6,_xlpm.pc),IF($AW19=2,_xlpm.pc+(1-_xlpm.p)*_xlpm.pc,IF($AW19=1,_xlpm.pc+_xlpm.pc/6,_xlpm.pc))))) | AZ19: {=IF($C19="","",KWSUM($I19&", "&$AC$3,"Attacks Modifier"))} | BA19: {=IF($C19="","",KWSUM($I19&", "&$AC$3,"Strength Modifier"))} | BB19: {=IF($C19="","",KWSUM($I19&", "&$AC$3,"BS Modifier"))} | BC19: {=IF($C19="","",_xlfn.LET(_xlpm.src,$I19&", "&$AC$3,_xlpm.c,KWMIN(_xlpm.src,"Critical Hits"),IF(KW(_xlpm.src,"Snap Shooting")=TRUE,6,IF(ISNUMBER(_xlpm.c),MEDIAN(2,6,_xlpm.c),6))))} | BD19: {=IF($C19="","",KWSUM($I19&", "&$AC$3,"Save Modifier"))} | BH19: Tempestus Scion (Imperial Guard)
A20: TRUE | B20: 1 | P20: {=IF(OR($C20="",NOT($A20)),"",N($B20)*(MAX(1,DICEAVG($D20)+$AZ20)+$AH20*($E$3="Yes")+($AI20+$AJ20)*INT($H$3/5)))} | Q20: =IF(OR($C20="",NOT($A20)),"",IF($AA20,$P20,_xlfn.LET(_xlpm.p,MAX((7-$AO20)/6,(7-$BC20)/6),_xlpm.ph,IF($AW20=2,_xlpm.p+(1-_xlpm.p)*_xlpm.p,IF($AW20=1,_xlpm.p+_xlpm.p/6,_xlpm.p)),$P20*_xlpm.ph+$P20*$AY20*$AC20))) | R20: =IF(OR($C20="",NOT($A20)),"",IF(AND($AB20,NOT($AA20)),$P20*$AY20,0)) | S20: =IF(OR($C20="",NOT($A20)),"",_xlfn.LET(_xlpm.n,$Q20-$R20,_xlpm.pW,(7-$AP20)/6,_xlpm.pC,(7-$AN20)/6,_xlpm.pT,MAX(_xlpm.pW,_xlpm.pC),_xlpm.rr,$AX20,_xlpm.n*IF(_xlpm.rr=2,1-(1-_xlpm.pT)^2,IF(_xlpm.rr=1,_xlpm.pT+_xlpm.pT/6,_xlpm.pT))+$R20)) | T20: =IF(OR($C20="",NOT($A20)),"",IF($AD20,_xlfn.LET(_xlpm.n,$Q20-$R20,_xlpm.pW,(7-$AP20)/6,_xlpm.pC,(7-$AN20)/6,_xlpm.pT,MAX(_xlpm.pW,_xlpm.pC),_xlpm.rr,$AX20,_xlpm.n*IF(_xlpm.rr=2,_xlpm.pC+(1-_xlpm.pT)*_xlpm.pC,IF(_xlpm.rr=1,_xlpm.pC+_xlpm.pC/6,_xlpm.pC))),0)) | U20: =IF(OR($C20="",NOT($A20)),"",($S20-$T20)*($AQ20-1)/6) | V20: {=IF(OR($C20="",NOT($A20)),"",MAX(1,DICEAVG($H20)+$AK20*($E$3="Yes")+$AV20+$AH$3))} | W20: =IF(OR($C20="",NOT($A20)),"",($U20+$T20)*IF(N($K$6)>0,MIN($V20,$K$6),$V20)*($AA$3-1)/6) | X20: =IF(OR($C20="",NOT($A20),$AR20=""),"",MIN($H$3,($U20+$T20)/$AR20)) | Y20: =IF(OR($C20="",NOT($A20)),"",TEXT($W20,"0.00")&" dmg"&IF($X20="","",", "&TEXT($X20,"0.00")&" kills")) | AA20: {=IF($C20="","",KW(($I20&", "&$AC$3),"Torrent")=TRUE)} | AB20: {=IF($C20="","",KW(($I20&", "&$AC$3),"Lethal Hits")=TRUE)} | AC20: {=IF($C20="","",N(KW(($I20&", "&$AC$3),"Sustained Hits")))} | AD20: {=IF($C20="","",KW(($I20&", "&$AC$3),"Devastating Wounds")=TRUE)} | AE20: {=IF($C20="","",KW(($I20&", "&$AC$3),"Twin-Linked")=TRUE)} | AF20: {=IF($C20="","",KW(($I20&", "&$AC$3),"Lance")=TRUE)} | AG20: {=IF($C20="","",KW(($I20&", "&$AC$3),"Heavy")=TRUE)} | AH20: {=IF($C20="","",N(KW(($I20&", "&$AC$3),"Rapid Fire")))} | AI20: {=IF($C20="","",N(KW(($I20&", "&$AC$3),"Blast")))} | AJ20: {=IF($C20="","",N(KW(($I20&", "&$AC$3),"Cleave")))} | AK20: {=IF($C20="","",N(KW(($I20&", "&$AC$3),"Melta")))} | AL20: {=IF($C20="","",KW(($I20&", "&$AC$3),"Ignores Cover")=TRUE)} | AM20: {=IF($C20="","",KW(($I20&", "&$AC$3),"Psychic")=TRUE)} | AN20: {=IF($C20="","",_xlfn.LET(_xlpm.src,$I20&", "&$AC$3,_xlpm.a,KWANTI(_xlpm.src,($O$6&", "&$AD$3)),_xlpm.c,KWMIN(_xlpm.src,"Critical Wounds"),MIN(_xlpm.a,IF(ISNUMBER(_xlpm.c),MEDIAN(2,6,_xlpm.c),6))))} | AO20: {=IF($C20="","",IF($AA20,0,_xlfn.LET(_xlpm.src,$I20&", "&$AC$3,_xlpm.stat,$F$3="Yes",IF(KW(_xlpm.src,"Snap Shooting")=TRUE,IF(_xlpm.stat,4,6),_xlfn.LET(_xlpm.psy,$AM20,_xlpm.hv,$AG20*_xlpm.stat,_xlpm.dmg,-($I$3="Yes"),_xlpm.am,$AS20,_xlpm.tm,$AI$3,_xlpm.mods,IF(_xlpm.psy,MAX(0,_xlpm.hv)+MAX(0,_xlpm.am)+MAX(0,_xlpm.tm),_xlpm.hv+_xlpm.dmg+_xlpm.am+_xlpm.tm),_xlpm.cov,AND(OR($G$3="Yes",$AB$3),NOT($AL20),NOT(_xlpm.psy)),_xlpm.bs,MIN(6,MAX(2,$E20+IF(_xlpm.psy,MIN(0,$BB20),$BB20+_xlpm.cov))),MEDIAN(2,6,_xlpm.bs-MAX(-1,MIN(1,_xlpm.mods))))))))} | AP20: =IF($C20="","",_xlfn.LET(_xlpm.s,MAX(1,$F20+$BA20),_xlpm.t,MAX(1,N($J$6)+$AF$3),_xlpm.base,7-(1+(_xlpm.s>=2*_xlpm.t)+(_xlpm.s>_xlpm.t)+(_xlpm.s>=_xlpm.t)+(_xlpm.s>_xlpm.t/2)),MEDIAN(2,6,_xlpm.base-MAX(-1,MIN(1,$AT20+$AJ$3))))) | AQ20: =IF($C20="","",_xlfn.LET(_xlpm.ap,MIN(0,$G20+$AU20+$AK$3),_xlpm.arm,$L$6-_xlpm.ap-$AG$3-$BD20,_xlpm.inv,IF(ISNUMBER($M$6),$M$6,7),MEDIAN(2,7,MIN(_xlpm.arm,_xlpm.inv)))) | AR20: =IF(OR($C20="",N($K$6)<=0),"",ROUNDUP($K$6/MIN($V20,$K$6),0)/(($AA$3-1)/6)) | AS20: {=IF($C20="","",KWSUM(($I20&", "&$AC$3),"Hit Modifier"))} | AT20: {=IF($C20="","",KWSUM(($I20&", "&$AC$3),"Wound Modifier"))} | AU20: {=IF($C20="","",KWSUM(($I20&", "&$AC$3),"AP Modifier"))} | AV20: {=IF($C20="","",KWSUM(($I20&", "&$AC$3),"Damage Modifier"))} | AW20: {=IF($C20="","",_xlfn.LET(_xlpm.src,$I20&", "&$AC$3,IF(KW(_xlpm.src,"Snap Shooting")=TRUE,0,_xlfn.LET(_xlpm.full,ISNUMBER(_xlfn.XMATCH("Reroll Hits",TRIM(_xlfn.TEXTSPLIT(_xlpm.src,",")))),_xlpm.r,KW(_xlpm.src,"Reroll Hits"),IF(_xlpm.full,2,IF(N(_xlpm.r)>=1,1,0))))))} | AX20: {=IF($C20="","",_xlfn.LET(_xlpm.src,$I20&", "&$AC$3,_xlpm.full,OR($AE20,ISNUMBER(_xlfn.XMATCH("Reroll Wounds",TRIM(_xlfn.TEXTSPLIT(_xlpm.src,","))))),_xlpm.r,KW(_xlpm.src,"Reroll Wounds"),IF(_xlpm.full,2,IF(N(_xlpm.r)>=1,1,0))))} | AY20: =IF($C20="","",IF($AA20,0,_xlfn.LET(_xlpm.pc,(7-$BC20)/6,_xlpm.p,MAX((7-$AO20)/6,_xlpm.pc),IF($AW20=2,_xlpm.pc+(1-_xlpm.p)*_xlpm.pc,IF($AW20=1,_xlpm.pc+_xlpm.pc/6,_xlpm.pc))))) | AZ20: {=IF($C20="","",KWSUM($I20&", "&$AC$3,"Attacks Modifier"))} | BA20: {=IF($C20="","",KWSUM($I20&", "&$AC$3,"Strength Modifier"))} | BB20: {=IF($C20="","",KWSUM($I20&", "&$AC$3,"BS Modifier"))} | BC20: {=IF($C20="","",_xlfn.LET(_xlpm.src,$I20&", "&$AC$3,_xlpm.c,KWMIN(_xlpm.src,"Critical Hits"),IF(KW(_xlpm.src,"Snap Shooting")=TRUE,6,IF(ISNUMBER(_xlpm.c),MEDIAN(2,6,_xlpm.c),6))))} | BD20: {=IF($C20="","",KWSUM($I20&", "&$AC$3,"Save Modifier"))} | BH20: HWT (Imperial Guard)
A21: TRUE | B21: 1 | P21: {=IF(OR($C21="",NOT($A21)),"",N($B21)*(MAX(1,DICEAVG($D21)+$AZ21)+$AH21*($E$3="Yes")+($AI21+$AJ21)*INT($H$3/5)))} | Q21: =IF(OR($C21="",NOT($A21)),"",IF($AA21,$P21,_xlfn.LET(_xlpm.p,MAX((7-$AO21)/6,(7-$BC21)/6),_xlpm.ph,IF($AW21=2,_xlpm.p+(1-_xlpm.p)*_xlpm.p,IF($AW21=1,_xlpm.p+_xlpm.p/6,_xlpm.p)),$P21*_xlpm.ph+$P21*$AY21*$AC21))) | R21: =IF(OR($C21="",NOT($A21)),"",IF(AND($AB21,NOT($AA21)),$P21*$AY21,0)) | S21: =IF(OR($C21="",NOT($A21)),"",_xlfn.LET(_xlpm.n,$Q21-$R21,_xlpm.pW,(7-$AP21)/6,_xlpm.pC,(7-$AN21)/6,_xlpm.pT,MAX(_xlpm.pW,_xlpm.pC),_xlpm.rr,$AX21,_xlpm.n*IF(_xlpm.rr=2,1-(1-_xlpm.pT)^2,IF(_xlpm.rr=1,_xlpm.pT+_xlpm.pT/6,_xlpm.pT))+$R21)) | T21: =IF(OR($C21="",NOT($A21)),"",IF($AD21,_xlfn.LET(_xlpm.n,$Q21-$R21,_xlpm.pW,(7-$AP21)/6,_xlpm.pC,(7-$AN21)/6,_xlpm.pT,MAX(_xlpm.pW,_xlpm.pC),_xlpm.rr,$AX21,_xlpm.n*IF(_xlpm.rr=2,_xlpm.pC+(1-_xlpm.pT)*_xlpm.pC,IF(_xlpm.rr=1,_xlpm.pC+_xlpm.pC/6,_xlpm.pC))),0)) | U21: =IF(OR($C21="",NOT($A21)),"",($S21-$T21)*($AQ21-1)/6) | V21: {=IF(OR($C21="",NOT($A21)),"",MAX(1,DICEAVG($H21)+$AK21*($E$3="Yes")+$AV21+$AH$3))} | W21: =IF(OR($C21="",NOT($A21)),"",($U21+$T21)*IF(N($K$6)>0,MIN($V21,$K$6),$V21)*($AA$3-1)/6) | X21: =IF(OR($C21="",NOT($A21),$AR21=""),"",MIN($H$3,($U21+$T21)/$AR21)) | Y21: =IF(OR($C21="",NOT($A21)),"",TEXT($W21,"0.00")&" dmg"&IF($X21="","",", "&TEXT($X21,"0.00")&" kills")) | AA21: {=IF($C21="","",KW(($I21&", "&$AC$3),"Torrent")=TRUE)} | AB21: {=IF($C21="","",KW(($I21&", "&$AC$3),"Lethal Hits")=TRUE)} | AC21: {=IF($C21="","",N(KW(($I21&", "&$AC$3),"Sustained Hits")))} | AD21: {=IF($C21="","",KW(($I21&", "&$AC$3),"Devastating Wounds")=TRUE)} | AE21: {=IF($C21="","",KW(($I21&", "&$AC$3),"Twin-Linked")=TRUE)} | AF21: {=IF($C21="","",KW(($I21&", "&$AC$3),"Lance")=TRUE)} | AG21: {=IF($C21="","",KW(($I21&", "&$AC$3),"Heavy")=TRUE)} | AH21: {=IF($C21="","",N(KW(($I21&", "&$AC$3),"Rapid Fire")))} | AI21: {=IF($C21="","",N(KW(($I21&", "&$AC$3),"Blast")))} | AJ21: {=IF($C21="","",N(KW(($I21&", "&$AC$3),"Cleave")))} | AK21: {=IF($C21="","",N(KW(($I21&", "&$AC$3),"Melta")))} | AL21: {=IF($C21="","",KW(($I21&", "&$AC$3),"Ignores Cover")=TRUE)} | AM21: {=IF($C21="","",KW(($I21&", "&$AC$3),"Psychic")=TRUE)} | AN21: {=IF($C21="","",_xlfn.LET(_xlpm.src,$I21&", "&$AC$3,_xlpm.a,KWANTI(_xlpm.src,($O$6&", "&$AD$3)),_xlpm.c,KWMIN(_xlpm.src,"Critical Wounds"),MIN(_xlpm.a,IF(ISNUMBER(_xlpm.c),MEDIAN(2,6,_xlpm.c),6))))} | AO21: {=IF($C21="","",IF($AA21,0,_xlfn.LET(_xlpm.src,$I21&", "&$AC$3,_xlpm.stat,$F$3="Yes",IF(KW(_xlpm.src,"Snap Shooting")=TRUE,IF(_xlpm.stat,4,6),_xlfn.LET(_xlpm.psy,$AM21,_xlpm.hv,$AG21*_xlpm.stat,_xlpm.dmg,-($I$3="Yes"),_xlpm.am,$AS21,_xlpm.tm,$AI$3,_xlpm.mods,IF(_xlpm.psy,MAX(0,_xlpm.hv)+MAX(0,_xlpm.am)+MAX(0,_xlpm.tm),_xlpm.hv+_xlpm.dmg+_xlpm.am+_xlpm.tm),_xlpm.cov,AND(OR($G$3="Yes",$AB$3),NOT($AL21),NOT(_xlpm.psy)),_xlpm.bs,MIN(6,MAX(2,$E21+IF(_xlpm.psy,MIN(0,$BB21),$BB21+_xlpm.cov))),MEDIAN(2,6,_xlpm.bs-MAX(-1,MIN(1,_xlpm.mods))))))))} | AP21: =IF($C21="","",_xlfn.LET(_xlpm.s,MAX(1,$F21+$BA21),_xlpm.t,MAX(1,N($J$6)+$AF$3),_xlpm.base,7-(1+(_xlpm.s>=2*_xlpm.t)+(_xlpm.s>_xlpm.t)+(_xlpm.s>=_xlpm.t)+(_xlpm.s>_xlpm.t/2)),MEDIAN(2,6,_xlpm.base-MAX(-1,MIN(1,$AT21+$AJ$3))))) | AQ21: =IF($C21="","",_xlfn.LET(_xlpm.ap,MIN(0,$G21+$AU21+$AK$3),_xlpm.arm,$L$6-_xlpm.ap-$AG$3-$BD21,_xlpm.inv,IF(ISNUMBER($M$6),$M$6,7),MEDIAN(2,7,MIN(_xlpm.arm,_xlpm.inv)))) | AR21: =IF(OR($C21="",N($K$6)<=0),"",ROUNDUP($K$6/MIN($V21,$K$6),0)/(($AA$3-1)/6)) | AS21: {=IF($C21="","",KWSUM(($I21&", "&$AC$3),"Hit Modifier"))} | AT21: {=IF($C21="","",KWSUM(($I21&", "&$AC$3),"Wound Modifier"))} | AU21: {=IF($C21="","",KWSUM(($I21&", "&$AC$3),"AP Modifier"))} | AV21: {=IF($C21="","",KWSUM(($I21&", "&$AC$3),"Damage Modifier"))} | AW21: {=IF($C21="","",_xlfn.LET(_xlpm.src,$I21&", "&$AC$3,IF(KW(_xlpm.src,"Snap Shooting")=TRUE,0,_xlfn.LET(_xlpm.full,ISNUMBER(_xlfn.XMATCH("Reroll Hits",TRIM(_xlfn.TEXTSPLIT(_xlpm.src,",")))),_xlpm.r,KW(_xlpm.src,"Reroll Hits"),IF(_xlpm.full,2,IF(N(_xlpm.r)>=1,1,0))))))} | AX21: {=IF($C21="","",_xlfn.LET(_xlpm.src,$I21&", "&$AC$3,_xlpm.full,OR($AE21,ISNUMBER(_xlfn.XMATCH("Reroll Wounds",TRIM(_xlfn.TEXTSPLIT(_xlpm.src,","))))),_xlpm.r,KW(_xlpm.src,"Reroll Wounds"),IF(_xlpm.full,2,IF(N(_xlpm.r)>=1,1,0))))} | AY21: =IF($C21="","",IF($AA21,0,_xlfn.LET(_xlpm.pc,(7-$BC21)/6,_xlpm.p,MAX((7-$AO21)/6,_xlpm.pc),IF($AW21=2,_xlpm.pc+(1-_xlpm.p)*_xlpm.pc,IF($AW21=1,_xlpm.pc+_xlpm.pc/6,_xlpm.pc))))) | AZ21: {=IF($C21="","",KWSUM($I21&", "&$AC$3,"Attacks Modifier"))} | BA21: {=IF($C21="","",KWSUM($I21&", "&$AC$3,"Strength Modifier"))} | BB21: {=IF($C21="","",KWSUM($I21&", "&$AC$3,"BS Modifier"))} | BC21: {=IF($C21="","",_xlfn.LET(_xlpm.src,$I21&", "&$AC$3,_xlpm.c,KWMIN(_xlpm.src,"Critical Hits"),IF(KW(_xlpm.src,"Snap Shooting")=TRUE,6,IF(ISNUMBER(_xlpm.c),MEDIAN(2,6,_xlpm.c),6))))} | BD21: {=IF($C21="","",KWSUM($I21&", "&$AC$3,"Save Modifier"))} | BH21: Artillery Team (Imperial Guard)
A22: TRUE | B22: 1 | P22: {=IF(OR($C22="",NOT($A22)),"",N($B22)*(MAX(1,DICEAVG($D22)+$AZ22)+$AH22*($E$3="Yes")+($AI22+$AJ22)*INT($H$3/5)))} | Q22: =IF(OR($C22="",NOT($A22)),"",IF($AA22,$P22,_xlfn.LET(_xlpm.p,MAX((7-$AO22)/6,(7-$BC22)/6),_xlpm.ph,IF($AW22=2,_xlpm.p+(1-_xlpm.p)*_xlpm.p,IF($AW22=1,_xlpm.p+_xlpm.p/6,_xlpm.p)),$P22*_xlpm.ph+$P22*$AY22*$AC22))) | R22: =IF(OR($C22="",NOT($A22)),"",IF(AND($AB22,NOT($AA22)),$P22*$AY22,0)) | S22: =IF(OR($C22="",NOT($A22)),"",_xlfn.LET(_xlpm.n,$Q22-$R22,_xlpm.pW,(7-$AP22)/6,_xlpm.pC,(7-$AN22)/6,_xlpm.pT,MAX(_xlpm.pW,_xlpm.pC),_xlpm.rr,$AX22,_xlpm.n*IF(_xlpm.rr=2,1-(1-_xlpm.pT)^2,IF(_xlpm.rr=1,_xlpm.pT+_xlpm.pT/6,_xlpm.pT))+$R22)) | T22: =IF(OR($C22="",NOT($A22)),"",IF($AD22,_xlfn.LET(_xlpm.n,$Q22-$R22,_xlpm.pW,(7-$AP22)/6,_xlpm.pC,(7-$AN22)/6,_xlpm.pT,MAX(_xlpm.pW,_xlpm.pC),_xlpm.rr,$AX22,_xlpm.n*IF(_xlpm.rr=2,_xlpm.pC+(1-_xlpm.pT)*_xlpm.pC,IF(_xlpm.rr=1,_xlpm.pC+_xlpm.pC/6,_xlpm.pC))),0)) | U22: =IF(OR($C22="",NOT($A22)),"",($S22-$T22)*($AQ22-1)/6) | V22: {=IF(OR($C22="",NOT($A22)),"",MAX(1,DICEAVG($H22)+$AK22*($E$3="Yes")+$AV22+$AH$3))} | W22: =IF(OR($C22="",NOT($A22)),"",($U22+$T22)*IF(N($K$6)>0,MIN($V22,$K$6),$V22)*($AA$3-1)/6) | X22: =IF(OR($C22="",NOT($A22),$AR22=""),"",MIN($H$3,($U22+$T22)/$AR22)) | Y22: =IF(OR($C22="",NOT($A22)),"",TEXT($W22,"0.00")&" dmg"&IF($X22="","",", "&TEXT($X22,"0.00")&" kills")) | AA22: {=IF($C22="","",KW(($I22&", "&$AC$3),"Torrent")=TRUE)} | AB22: {=IF($C22="","",KW(($I22&", "&$AC$3),"Lethal Hits")=TRUE)} | AC22: {=IF($C22="","",N(KW(($I22&", "&$AC$3),"Sustained Hits")))} | AD22: {=IF($C22="","",KW(($I22&", "&$AC$3),"Devastating Wounds")=TRUE)} | AE22: {=IF($C22="","",KW(($I22&", "&$AC$3),"Twin-Linked")=TRUE)} | AF22: {=IF($C22="","",KW(($I22&", "&$AC$3),"Lance")=TRUE)} | AG22: {=IF($C22="","",KW(($I22&", "&$AC$3),"Heavy")=TRUE)} | AH22: {=IF($C22="","",N(KW(($I22&", "&$AC$3),"Rapid Fire")))} | AI22: {=IF($C22="","",N(KW(($I22&", "&$AC$3),"Blast")))} | AJ22: {=IF($C22="","",N(KW(($I22&", "&$AC$3),"Cleave")))} | AK22: {=IF($C22="","",N(KW(($I22&", "&$AC$3),"Melta")))} | AL22: {=IF($C22="","",KW(($I22&", "&$AC$3),"Ignores Cover")=TRUE)} | AM22: {=IF($C22="","",KW(($I22&", "&$AC$3),"Psychic")=TRUE)} | AN22: {=IF($C22="","",_xlfn.LET(_xlpm.src,$I22&", "&$AC$3,_xlpm.a,KWANTI(_xlpm.src,($O$6&", "&$AD$3)),_xlpm.c,KWMIN(_xlpm.src,"Critical Wounds"),MIN(_xlpm.a,IF(ISNUMBER(_xlpm.c),MEDIAN(2,6,_xlpm.c),6))))} | AO22: {=IF($C22="","",IF($AA22,0,_xlfn.LET(_xlpm.src,$I22&", "&$AC$3,_xlpm.stat,$F$3="Yes",IF(KW(_xlpm.src,"Snap Shooting")=TRUE,IF(_xlpm.stat,4,6),_xlfn.LET(_xlpm.psy,$AM22,_xlpm.hv,$AG22*_xlpm.stat,_xlpm.dmg,-($I$3="Yes"),_xlpm.am,$AS22,_xlpm.tm,$AI$3,_xlpm.mods,IF(_xlpm.psy,MAX(0,_xlpm.hv)+MAX(0,_xlpm.am)+MAX(0,_xlpm.tm),_xlpm.hv+_xlpm.dmg+_xlpm.am+_xlpm.tm),_xlpm.cov,AND(OR($G$3="Yes",$AB$3),NOT($AL22),NOT(_xlpm.psy)),_xlpm.bs,MIN(6,MAX(2,$E22+IF(_xlpm.psy,MIN(0,$BB22),$BB22+_xlpm.cov))),MEDIAN(2,6,_xlpm.bs-MAX(-1,MIN(1,_xlpm.mods))))))))} | AP22: =IF($C22="","",_xlfn.LET(_xlpm.s,MAX(1,$F22+$BA22),_xlpm.t,MAX(1,N($J$6)+$AF$3),_xlpm.base,7-(1+(_xlpm.s>=2*_xlpm.t)+(_xlpm.s>_xlpm.t)+(_xlpm.s>=_xlpm.t)+(_xlpm.s>_xlpm.t/2)),MEDIAN(2,6,_xlpm.base-MAX(-1,MIN(1,$AT22+$AJ$3))))) | AQ22: =IF($C22="","",_xlfn.LET(_xlpm.ap,MIN(0,$G22+$AU22+$AK$3),_xlpm.arm,$L$6-_xlpm.ap-$AG$3-$BD22,_xlpm.inv,IF(ISNUMBER($M$6),$M$6,7),MEDIAN(2,7,MIN(_xlpm.arm,_xlpm.inv)))) | AR22: =IF(OR($C22="",N($K$6)<=0),"",ROUNDUP($K$6/MIN($V22,$K$6),0)/(($AA$3-1)/6)) | AS22: {=IF($C22="","",KWSUM(($I22&", "&$AC$3),"Hit Modifier"))} | AT22: {=IF($C22="","",KWSUM(($I22&", "&$AC$3),"Wound Modifier"))} | AU22: {=IF($C22="","",KWSUM(($I22&", "&$AC$3),"AP Modifier"))} | AV22: {=IF($C22="","",KWSUM(($I22&", "&$AC$3),"Damage Modifier"))} | AW22: {=IF($C22="","",_xlfn.LET(_xlpm.src,$I22&", "&$AC$3,IF(KW(_xlpm.src,"Snap Shooting")=TRUE,0,_xlfn.LET(_xlpm.full,ISNUMBER(_xlfn.XMATCH("Reroll Hits",TRIM(_xlfn.TEXTSPLIT(_xlpm.src,",")))),_xlpm.r,KW(_xlpm.src,"Reroll Hits"),IF(_xlpm.full,2,IF(N(_xlpm.r)>=1,1,0))))))} | AX22: {=IF($C22="","",_xlfn.LET(_xlpm.src,$I22&", "&$AC$3,_xlpm.full,OR($AE22,ISNUMBER(_xlfn.XMATCH("Reroll Wounds",TRIM(_xlfn.TEXTSPLIT(_xlpm.src,","))))),_xlpm.r,KW(_xlpm.src,"Reroll Wounds"),IF(_xlpm.full,2,IF(N(_xlpm.r)>=1,1,0))))} | AY22: =IF($C22="","",IF($AA22,0,_xlfn.LET(_xlpm.pc,(7-$BC22)/6,_xlpm.p,MAX((7-$AO22)/6,_xlpm.pc),IF($AW22=2,_xlpm.pc+(1-_xlpm.p)*_xlpm.pc,IF($AW22=1,_xlpm.pc+_xlpm.pc/6,_xlpm.pc))))) | AZ22: {=IF($C22="","",KWSUM($I22&", "&$AC$3,"Attacks Modifier"))} | BA22: {=IF($C22="","",KWSUM($I22&", "&$AC$3,"Strength Modifier"))} | BB22: {=IF($C22="","",KWSUM($I22&", "&$AC$3,"BS Modifier"))} | BC22: {=IF($C22="","",_xlfn.LET(_xlpm.src,$I22&", "&$AC$3,_xlpm.c,KWMIN(_xlpm.src,"Critical Hits"),IF(KW(_xlpm.src,"Snap Shooting")=TRUE,6,IF(ISNUMBER(_xlpm.c),MEDIAN(2,6,_xlpm.c),6))))} | BD22: {=IF($C22="","",KWSUM($I22&", "&$AC$3,"Save Modifier"))} | BH22: Field Ordinance Battery (Imperial Guard)
A23: TRUE | B23: 1 | P23: {=IF(OR($C23="",NOT($A23)),"",N($B23)*(MAX(1,DICEAVG($D23)+$AZ23)+$AH23*($E$3="Yes")+($AI23+$AJ23)*INT($H$3/5)))} | Q23: =IF(OR($C23="",NOT($A23)),"",IF($AA23,$P23,_xlfn.LET(_xlpm.p,MAX((7-$AO23)/6,(7-$BC23)/6),_xlpm.ph,IF($AW23=2,_xlpm.p+(1-_xlpm.p)*_xlpm.p,IF($AW23=1,_xlpm.p+_xlpm.p/6,_xlpm.p)),$P23*_xlpm.ph+$P23*$AY23*$AC23))) | R23: =IF(OR($C23="",NOT($A23)),"",IF(AND($AB23,NOT($AA23)),$P23*$AY23,0)) | S23: =IF(OR($C23="",NOT($A23)),"",_xlfn.LET(_xlpm.n,$Q23-$R23,_xlpm.pW,(7-$AP23)/6,_xlpm.pC,(7-$AN23)/6,_xlpm.pT,MAX(_xlpm.pW,_xlpm.pC),_xlpm.rr,$AX23,_xlpm.n*IF(_xlpm.rr=2,1-(1-_xlpm.pT)^2,IF(_xlpm.rr=1,_xlpm.pT+_xlpm.pT/6,_xlpm.pT))+$R23)) | T23: =IF(OR($C23="",NOT($A23)),"",IF($AD23,_xlfn.LET(_xlpm.n,$Q23-$R23,_xlpm.pW,(7-$AP23)/6,_xlpm.pC,(7-$AN23)/6,_xlpm.pT,MAX(_xlpm.pW,_xlpm.pC),_xlpm.rr,$AX23,_xlpm.n*IF(_xlpm.rr=2,_xlpm.pC+(1-_xlpm.pT)*_xlpm.pC,IF(_xlpm.rr=1,_xlpm.pC+_xlpm.pC/6,_xlpm.pC))),0)) | U23: =IF(OR($C23="",NOT($A23)),"",($S23-$T23)*($AQ23-1)/6) | V23: {=IF(OR($C23="",NOT($A23)),"",MAX(1,DICEAVG($H23)+$AK23*($E$3="Yes")+$AV23+$AH$3))} | W23: =IF(OR($C23="",NOT($A23)),"",($U23+$T23)*IF(N($K$6)>0,MIN($V23,$K$6),$V23)*($AA$3-1)/6) | X23: =IF(OR($C23="",NOT($A23),$AR23=""),"",MIN($H$3,($U23+$T23)/$AR23)) | Y23: =IF(OR($C23="",NOT($A23)),"",TEXT($W23,"0.00")&" dmg"&IF($X23="","",", "&TEXT($X23,"0.00")&" kills")) | AA23: {=IF($C23="","",KW(($I23&", "&$AC$3),"Torrent")=TRUE)} | AB23: {=IF($C23="","",KW(($I23&", "&$AC$3),"Lethal Hits")=TRUE)} | AC23: {=IF($C23="","",N(KW(($I23&", "&$AC$3),"Sustained Hits")))} | AD23: {=IF($C23="","",KW(($I23&", "&$AC$3),"Devastating Wounds")=TRUE)} | AE23: {=IF($C23="","",KW(($I23&", "&$AC$3),"Twin-Linked")=TRUE)} | AF23: {=IF($C23="","",KW(($I23&", "&$AC$3),"Lance")=TRUE)} | AG23: {=IF($C23="","",KW(($I23&", "&$AC$3),"Heavy")=TRUE)} | AH23: {=IF($C23="","",N(KW(($I23&", "&$AC$3),"Rapid Fire")))} | AI23: {=IF($C23="","",N(KW(($I23&", "&$AC$3),"Blast")))} | AJ23: {=IF($C23="","",N(KW(($I23&", "&$AC$3),"Cleave")))} | AK23: {=IF($C23="","",N(KW(($I23&", "&$AC$3),"Melta")))} | AL23: {=IF($C23="","",KW(($I23&", "&$AC$3),"Ignores Cover")=TRUE)} | AM23: {=IF($C23="","",KW(($I23&", "&$AC$3),"Psychic")=TRUE)} | AN23: {=IF($C23="","",_xlfn.LET(_xlpm.src,$I23&", "&$AC$3,_xlpm.a,KWANTI(_xlpm.src,($O$6&", "&$AD$3)),_xlpm.c,KWMIN(_xlpm.src,"Critical Wounds"),MIN(_xlpm.a,IF(ISNUMBER(_xlpm.c),MEDIAN(2,6,_xlpm.c),6))))} | AO23: {=IF($C23="","",IF($AA23,0,_xlfn.LET(_xlpm.src,$I23&", "&$AC$3,_xlpm.stat,$F$3="Yes",IF(KW(_xlpm.src,"Snap Shooting")=TRUE,IF(_xlpm.stat,4,6),_xlfn.LET(_xlpm.psy,$AM23,_xlpm.hv,$AG23*_xlpm.stat,_xlpm.dmg,-($I$3="Yes"),_xlpm.am,$AS23,_xlpm.tm,$AI$3,_xlpm.mods,IF(_xlpm.psy,MAX(0,_xlpm.hv)+MAX(0,_xlpm.am)+MAX(0,_xlpm.tm),_xlpm.hv+_xlpm.dmg+_xlpm.am+_xlpm.tm),_xlpm.cov,AND(OR($G$3="Yes",$AB$3),NOT($AL23),NOT(_xlpm.psy)),_xlpm.bs,MIN(6,MAX(2,$E23+IF(_xlpm.psy,MIN(0,$BB23),$BB23+_xlpm.cov))),MEDIAN(2,6,_xlpm.bs-MAX(-1,MIN(1,_xlpm.mods))))))))} | AP23: =IF($C23="","",_xlfn.LET(_xlpm.s,MAX(1,$F23+$BA23),_xlpm.t,MAX(1,N($J$6)+$AF$3),_xlpm.base,7-(1+(_xlpm.s>=2*_xlpm.t)+(_xlpm.s>_xlpm.t)+(_xlpm.s>=_xlpm.t)+(_xlpm.s>_xlpm.t/2)),MEDIAN(2,6,_xlpm.base-MAX(-1,MIN(1,$AT23+$AJ$3))))) | AQ23: =IF($C23="","",_xlfn.LET(_xlpm.ap,MIN(0,$G23+$AU23+$AK$3),_xlpm.arm,$L$6-_xlpm.ap-$AG$3-$BD23,_xlpm.inv,IF(ISNUMBER($M$6),$M$6,7),MEDIAN(2,7,MIN(_xlpm.arm,_xlpm.inv)))) | AR23: =IF(OR($C23="",N($K$6)<=0),"",ROUNDUP($K$6/MIN($V23,$K$6),0)/(($AA$3-1)/6)) | AS23: {=IF($C23="","",KWSUM(($I23&", "&$AC$3),"Hit Modifier"))} | AT23: {=IF($C23="","",KWSUM(($I23&", "&$AC$3),"Wound Modifier"))} | AU23: {=IF($C23="","",KWSUM(($I23&", "&$AC$3),"AP Modifier"))} | AV23: {=IF($C23="","",KWSUM(($I23&", "&$AC$3),"Damage Modifier"))} | AW23: {=IF($C23="","",_xlfn.LET(_xlpm.src,$I23&", "&$AC$3,IF(KW(_xlpm.src,"Snap Shooting")=TRUE,0,_xlfn.LET(_xlpm.full,ISNUMBER(_xlfn.XMATCH("Reroll Hits",TRIM(_xlfn.TEXTSPLIT(_xlpm.src,",")))),_xlpm.r,KW(_xlpm.src,"Reroll Hits"),IF(_xlpm.full,2,IF(N(_xlpm.r)>=1,1,0))))))} | AX23: {=IF($C23="","",_xlfn.LET(_xlpm.src,$I23&", "&$AC$3,_xlpm.full,OR($AE23,ISNUMBER(_xlfn.XMATCH("Reroll Wounds",TRIM(_xlfn.TEXTSPLIT(_xlpm.src,","))))),_xlpm.r,KW(_xlpm.src,"Reroll Wounds"),IF(_xlpm.full,2,IF(N(_xlpm.r)>=1,1,0))))} | AY23: =IF($C23="","",IF($AA23,0,_xlfn.LET(_xlpm.pc,(7-$BC23)/6,_xlpm.p,MAX((7-$AO23)/6,_xlpm.pc),IF($AW23=2,_xlpm.pc+(1-_xlpm.p)*_xlpm.pc,IF($AW23=1,_xlpm.pc+_xlpm.pc/6,_xlpm.pc))))) | AZ23: {=IF($C23="","",KWSUM($I23&", "&$AC$3,"Attacks Modifier"))} | BA23: {=IF($C23="","",KWSUM($I23&", "&$AC$3,"Strength Modifier"))} | BB23: {=IF($C23="","",KWSUM($I23&", "&$AC$3,"BS Modifier"))} | BC23: {=IF($C23="","",_xlfn.LET(_xlpm.src,$I23&", "&$AC$3,_xlpm.c,KWMIN(_xlpm.src,"Critical Hits"),IF(KW(_xlpm.src,"Snap Shooting")=TRUE,6,IF(ISNUMBER(_xlpm.c),MEDIAN(2,6,_xlpm.c),6))))} | BD23: {=IF($C23="","",KWSUM($I23&", "&$AC$3,"Save Modifier"))} | BH23: Rogal Dorn Battle Tank (Imperial Guard)
A24: TRUE | B24: 1 | P24: {=IF(OR($C24="",NOT($A24)),"",N($B24)*(MAX(1,DICEAVG($D24)+$AZ24)+$AH24*($E$3="Yes")+($AI24+$AJ24)*INT($H$3/5)))} | Q24: =IF(OR($C24="",NOT($A24)),"",IF($AA24,$P24,_xlfn.LET(_xlpm.p,MAX((7-$AO24)/6,(7-$BC24)/6),_xlpm.ph,IF($AW24=2,_xlpm.p+(1-_xlpm.p)*_xlpm.p,IF($AW24=1,_xlpm.p+_xlpm.p/6,_xlpm.p)),$P24*_xlpm.ph+$P24*$AY24*$AC24))) | R24: =IF(OR($C24="",NOT($A24)),"",IF(AND($AB24,NOT($AA24)),$P24*$AY24,0)) | S24: =IF(OR($C24="",NOT($A24)),"",_xlfn.LET(_xlpm.n,$Q24-$R24,_xlpm.pW,(7-$AP24)/6,_xlpm.pC,(7-$AN24)/6,_xlpm.pT,MAX(_xlpm.pW,_xlpm.pC),_xlpm.rr,$AX24,_xlpm.n*IF(_xlpm.rr=2,1-(1-_xlpm.pT)^2,IF(_xlpm.rr=1,_xlpm.pT+_xlpm.pT/6,_xlpm.pT))+$R24)) | T24: =IF(OR($C24="",NOT($A24)),"",IF($AD24,_xlfn.LET(_xlpm.n,$Q24-$R24,_xlpm.pW,(7-$AP24)/6,_xlpm.pC,(7-$AN24)/6,_xlpm.pT,MAX(_xlpm.pW,_xlpm.pC),_xlpm.rr,$AX24,_xlpm.n*IF(_xlpm.rr=2,_xlpm.pC+(1-_xlpm.pT)*_xlpm.pC,IF(_xlpm.rr=1,_xlpm.pC+_xlpm.pC/6,_xlpm.pC))),0)) | U24: =IF(OR($C24="",NOT($A24)),"",($S24-$T24)*($AQ24-1)/6) | V24: {=IF(OR($C24="",NOT($A24)),"",MAX(1,DICEAVG($H24)+$AK24*($E$3="Yes")+$AV24+$AH$3))} | W24: =IF(OR($C24="",NOT($A24)),"",($U24+$T24)*IF(N($K$6)>0,MIN($V24,$K$6),$V24)*($AA$3-1)/6) | X24: =IF(OR($C24="",NOT($A24),$AR24=""),"",MIN($H$3,($U24+$T24)/$AR24)) | Y24: =IF(OR($C24="",NOT($A24)),"",TEXT($W24,"0.00")&" dmg"&IF($X24="","",", "&TEXT($X24,"0.00")&" kills")) | AA24: {=IF($C24="","",KW(($I24&", "&$AC$3),"Torrent")=TRUE)} | AB24: {=IF($C24="","",KW(($I24&", "&$AC$3),"Lethal Hits")=TRUE)} | AC24: {=IF($C24="","",N(KW(($I24&", "&$AC$3),"Sustained Hits")))} | AD24: {=IF($C24="","",KW(($I24&", "&$AC$3),"Devastating Wounds")=TRUE)} | AE24: {=IF($C24="","",KW(($I24&", "&$AC$3),"Twin-Linked")=TRUE)} | AF24: {=IF($C24="","",KW(($I24&", "&$AC$3),"Lance")=TRUE)} | AG24: {=IF($C24="","",KW(($I24&", "&$AC$3),"Heavy")=TRUE)} | AH24: {=IF($C24="","",N(KW(($I24&", "&$AC$3),"Rapid Fire")))} | AI24: {=IF($C24="","",N(KW(($I24&", "&$AC$3),"Blast")))} | AJ24: {=IF($C24="","",N(KW(($I24&", "&$AC$3),"Cleave")))} | AK24: {=IF($C24="","",N(KW(($I24&", "&$AC$3),"Melta")))} | AL24: {=IF($C24="","",KW(($I24&", "&$AC$3),"Ignores Cover")=TRUE)} | AM24: {=IF($C24="","",KW(($I24&", "&$AC$3),"Psychic")=TRUE)} | AN24: {=IF($C24="","",_xlfn.LET(_xlpm.src,$I24&", "&$AC$3,_xlpm.a,KWANTI(_xlpm.src,($O$6&", "&$AD$3)),_xlpm.c,KWMIN(_xlpm.src,"Critical Wounds"),MIN(_xlpm.a,IF(ISNUMBER(_xlpm.c),MEDIAN(2,6,_xlpm.c),6))))} | AO24: {=IF($C24="","",IF($AA24,0,_xlfn.LET(_xlpm.src,$I24&", "&$AC$3,_xlpm.stat,$F$3="Yes",IF(KW(_xlpm.src,"Snap Shooting")=TRUE,IF(_xlpm.stat,4,6),_xlfn.LET(_xlpm.psy,$AM24,_xlpm.hv,$AG24*_xlpm.stat,_xlpm.dmg,-($I$3="Yes"),_xlpm.am,$AS24,_xlpm.tm,$AI$3,_xlpm.mods,IF(_xlpm.psy,MAX(0,_xlpm.hv)+MAX(0,_xlpm.am)+MAX(0,_xlpm.tm),_xlpm.hv+_xlpm.dmg+_xlpm.am+_xlpm.tm),_xlpm.cov,AND(OR($G$3="Yes",$AB$3),NOT($AL24),NOT(_xlpm.psy)),_xlpm.bs,MIN(6,MAX(2,$E24+IF(_xlpm.psy,MIN(0,$BB24),$BB24+_xlpm.cov))),MEDIAN(2,6,_xlpm.bs-MAX(-1,MIN(1,_xlpm.mods))))))))} | AP24: =IF($C24="","",_xlfn.LET(_xlpm.s,MAX(1,$F24+$BA24),_xlpm.t,MAX(1,N($J$6)+$AF$3),_xlpm.base,7-(1+(_xlpm.s>=2*_xlpm.t)+(_xlpm.s>_xlpm.t)+(_xlpm.s>=_xlpm.t)+(_xlpm.s>_xlpm.t/2)),MEDIAN(2,6,_xlpm.base-MAX(-1,MIN(1,$AT24+$AJ$3))))) | AQ24: =IF($C24="","",_xlfn.LET(_xlpm.ap,MIN(0,$G24+$AU24+$AK$3),_xlpm.arm,$L$6-_xlpm.ap-$AG$3-$BD24,_xlpm.inv,IF(ISNUMBER($M$6),$M$6,7),MEDIAN(2,7,MIN(_xlpm.arm,_xlpm.inv)))) | AR24: =IF(OR($C24="",N($K$6)<=0),"",ROUNDUP($K$6/MIN($V24,$K$6),0)/(($AA$3-1)/6)) | AS24: {=IF($C24="","",KWSUM(($I24&", "&$AC$3),"Hit Modifier"))} | AT24: {=IF($C24="","",KWSUM(($I24&", "&$AC$3),"Wound Modifier"))} | AU24: {=IF($C24="","",KWSUM(($I24&", "&$AC$3),"AP Modifier"))} | AV24: {=IF($C24="","",KWSUM(($I24&", "&$AC$3),"Damage Modifier"))} | AW24: {=IF($C24="","",_xlfn.LET(_xlpm.src,$I24&", "&$AC$3,IF(KW(_xlpm.src,"Snap Shooting")=TRUE,0,_xlfn.LET(_xlpm.full,ISNUMBER(_xlfn.XMATCH("Reroll Hits",TRIM(_xlfn.TEXTSPLIT(_xlpm.src,",")))),_xlpm.r,KW(_xlpm.src,"Reroll Hits"),IF(_xlpm.full,2,IF(N(_xlpm.r)>=1,1,0))))))} | AX24: {=IF($C24="","",_xlfn.LET(_xlpm.src,$I24&", "&$AC$3,_xlpm.full,OR($AE24,ISNUMBER(_xlfn.XMATCH("Reroll Wounds",TRIM(_xlfn.TEXTSPLIT(_xlpm.src,","))))),_xlpm.r,KW(_xlpm.src,"Reroll Wounds"),IF(_xlpm.full,2,IF(N(_xlpm.r)>=1,1,0))))} | AY24: =IF($C24="","",IF($AA24,0,_xlfn.LET(_xlpm.pc,(7-$BC24)/6,_xlpm.p,MAX((7-$AO24)/6,_xlpm.pc),IF($AW24=2,_xlpm.pc+(1-_xlpm.p)*_xlpm.pc,IF($AW24=1,_xlpm.pc+_xlpm.pc/6,_xlpm.pc))))) | AZ24: {=IF($C24="","",KWSUM($I24&", "&$AC$3,"Attacks Modifier"))} | BA24: {=IF($C24="","",KWSUM($I24&", "&$AC$3,"Strength Modifier"))} | BB24: {=IF($C24="","",KWSUM($I24&", "&$AC$3,"BS Modifier"))} | BC24: {=IF($C24="","",_xlfn.LET(_xlpm.src,$I24&", "&$AC$3,_xlpm.c,KWMIN(_xlpm.src,"Critical Hits"),IF(KW(_xlpm.src,"Snap Shooting")=TRUE,6,IF(ISNUMBER(_xlpm.c),MEDIAN(2,6,_xlpm.c),6))))} | BD24: {=IF($C24="","",KWSUM($I24&", "&$AC$3,"Save Modifier"))}
A25: TRUE | B25: 1 | P25: {=IF(OR($C25="",NOT($A25)),"",N($B25)*(MAX(1,DICEAVG($D25)+$AZ25)+$AH25*($E$3="Yes")+($AI25+$AJ25)*INT($H$3/5)))} | Q25: =IF(OR($C25="",NOT($A25)),"",IF($AA25,$P25,_xlfn.LET(_xlpm.p,MAX((7-$AO25)/6,(7-$BC25)/6),_xlpm.ph,IF($AW25=2,_xlpm.p+(1-_xlpm.p)*_xlpm.p,IF($AW25=1,_xlpm.p+_xlpm.p/6,_xlpm.p)),$P25*_xlpm.ph+$P25*$AY25*$AC25))) | R25: =IF(OR($C25="",NOT($A25)),"",IF(AND($AB25,NOT($AA25)),$P25*$AY25,0)) | S25: =IF(OR($C25="",NOT($A25)),"",_xlfn.LET(_xlpm.n,$Q25-$R25,_xlpm.pW,(7-$AP25)/6,_xlpm.pC,(7-$AN25)/6,_xlpm.pT,MAX(_xlpm.pW,_xlpm.pC),_xlpm.rr,$AX25,_xlpm.n*IF(_xlpm.rr=2,1-(1-_xlpm.pT)^2,IF(_xlpm.rr=1,_xlpm.pT+_xlpm.pT/6,_xlpm.pT))+$R25)) | T25: =IF(OR($C25="",NOT($A25)),"",IF($AD25,_xlfn.LET(_xlpm.n,$Q25-$R25,_xlpm.pW,(7-$AP25)/6,_xlpm.pC,(7-$AN25)/6,_xlpm.pT,MAX(_xlpm.pW,_xlpm.pC),_xlpm.rr,$AX25,_xlpm.n*IF(_xlpm.rr=2,_xlpm.pC+(1-_xlpm.pT)*_xlpm.pC,IF(_xlpm.rr=1,_xlpm.pC+_xlpm.pC/6,_xlpm.pC))),0)) | U25: =IF(OR($C25="",NOT($A25)),"",($S25-$T25)*($AQ25-1)/6) | V25: {=IF(OR($C25="",NOT($A25)),"",MAX(1,DICEAVG($H25)+$AK25*($E$3="Yes")+$AV25+$AH$3))} | W25: =IF(OR($C25="",NOT($A25)),"",($U25+$T25)*IF(N($K$6)>0,MIN($V25,$K$6),$V25)*($AA$3-1)/6) | X25: =IF(OR($C25="",NOT($A25),$AR25=""),"",MIN($H$3,($U25+$T25)/$AR25)) | Y25: =IF(OR($C25="",NOT($A25)),"",TEXT($W25,"0.00")&" dmg"&IF($X25="","",", "&TEXT($X25,"0.00")&" kills")) | AA25: {=IF($C25="","",KW(($I25&", "&$AC$3),"Torrent")=TRUE)} | AB25: {=IF($C25="","",KW(($I25&", "&$AC$3),"Lethal Hits")=TRUE)} | AC25: {=IF($C25="","",N(KW(($I25&", "&$AC$3),"Sustained Hits")))} | AD25: {=IF($C25="","",KW(($I25&", "&$AC$3),"Devastating Wounds")=TRUE)} | AE25: {=IF($C25="","",KW(($I25&", "&$AC$3),"Twin-Linked")=TRUE)} | AF25: {=IF($C25="","",KW(($I25&", "&$AC$3),"Lance")=TRUE)} | AG25: {=IF($C25="","",KW(($I25&", "&$AC$3),"Heavy")=TRUE)} | AH25: {=IF($C25="","",N(KW(($I25&", "&$AC$3),"Rapid Fire")))} | AI25: {=IF($C25="","",N(KW(($I25&", "&$AC$3),"Blast")))} | AJ25: {=IF($C25="","",N(KW(($I25&", "&$AC$3),"Cleave")))} | AK25: {=IF($C25="","",N(KW(($I25&", "&$AC$3),"Melta")))} | AL25: {=IF($C25="","",KW(($I25&", "&$AC$3),"Ignores Cover")=TRUE)} | AM25: {=IF($C25="","",KW(($I25&", "&$AC$3),"Psychic")=TRUE)} | AN25: {=IF($C25="","",_xlfn.LET(_xlpm.src,$I25&", "&$AC$3,_xlpm.a,KWANTI(_xlpm.src,($O$6&", "&$AD$3)),_xlpm.c,KWMIN(_xlpm.src,"Critical Wounds"),MIN(_xlpm.a,IF(ISNUMBER(_xlpm.c),MEDIAN(2,6,_xlpm.c),6))))} | AO25: {=IF($C25="","",IF($AA25,0,_xlfn.LET(_xlpm.src,$I25&", "&$AC$3,_xlpm.stat,$F$3="Yes",IF(KW(_xlpm.src,"Snap Shooting")=TRUE,IF(_xlpm.stat,4,6),_xlfn.LET(_xlpm.psy,$AM25,_xlpm.hv,$AG25*_xlpm.stat,_xlpm.dmg,-($I$3="Yes"),_xlpm.am,$AS25,_xlpm.tm,$AI$3,_xlpm.mods,IF(_xlpm.psy,MAX(0,_xlpm.hv)+MAX(0,_xlpm.am)+MAX(0,_xlpm.tm),_xlpm.hv+_xlpm.dmg+_xlpm.am+_xlpm.tm),_xlpm.cov,AND(OR($G$3="Yes",$AB$3),NOT($AL25),NOT(_xlpm.psy)),_xlpm.bs,MIN(6,MAX(2,$E25+IF(_xlpm.psy,MIN(0,$BB25),$BB25+_xlpm.cov))),MEDIAN(2,6,_xlpm.bs-MAX(-1,MIN(1,_xlpm.mods))))))))} | AP25: =IF($C25="","",_xlfn.LET(_xlpm.s,MAX(1,$F25+$BA25),_xlpm.t,MAX(1,N($J$6)+$AF$3),_xlpm.base,7-(1+(_xlpm.s>=2*_xlpm.t)+(_xlpm.s>_xlpm.t)+(_xlpm.s>=_xlpm.t)+(_xlpm.s>_xlpm.t/2)),MEDIAN(2,6,_xlpm.base-MAX(-1,MIN(1,$AT25+$AJ$3))))) | AQ25: =IF($C25="","",_xlfn.LET(_xlpm.ap,MIN(0,$G25+$AU25+$AK$3),_xlpm.arm,$L$6-_xlpm.ap-$AG$3-$BD25,_xlpm.inv,IF(ISNUMBER($M$6),$M$6,7),MEDIAN(2,7,MIN(_xlpm.arm,_xlpm.inv)))) | AR25: =IF(OR($C25="",N($K$6)<=0),"",ROUNDUP($K$6/MIN($V25,$K$6),0)/(($AA$3-1)/6)) | AS25: {=IF($C25="","",KWSUM(($I25&", "&$AC$3),"Hit Modifier"))} | AT25: {=IF($C25="","",KWSUM(($I25&", "&$AC$3),"Wound Modifier"))} | AU25: {=IF($C25="","",KWSUM(($I25&", "&$AC$3),"AP Modifier"))} | AV25: {=IF($C25="","",KWSUM(($I25&", "&$AC$3),"Damage Modifier"))} | AW25: {=IF($C25="","",_xlfn.LET(_xlpm.src,$I25&", "&$AC$3,IF(KW(_xlpm.src,"Snap Shooting")=TRUE,0,_xlfn.LET(_xlpm.full,ISNUMBER(_xlfn.XMATCH("Reroll Hits",TRIM(_xlfn.TEXTSPLIT(_xlpm.src,",")))),_xlpm.r,KW(_xlpm.src,"Reroll Hits"),IF(_xlpm.full,2,IF(N(_xlpm.r)>=1,1,0))))))} | AX25: {=IF($C25="","",_xlfn.LET(_xlpm.src,$I25&", "&$AC$3,_xlpm.full,OR($AE25,ISNUMBER(_xlfn.XMATCH("Reroll Wounds",TRIM(_xlfn.TEXTSPLIT(_xlpm.src,","))))),_xlpm.r,KW(_xlpm.src,"Reroll Wounds"),IF(_xlpm.full,2,IF(N(_xlpm.r)>=1,1,0))))} | AY25: =IF($C25="","",IF($AA25,0,_xlfn.LET(_xlpm.pc,(7-$BC25)/6,_xlpm.p,MAX((7-$AO25)/6,_xlpm.pc),IF($AW25=2,_xlpm.pc+(1-_xlpm.p)*_xlpm.pc,IF($AW25=1,_xlpm.pc+_xlpm.pc/6,_xlpm.pc))))) | AZ25: {=IF($C25="","",KWSUM($I25&", "&$AC$3,"Attacks Modifier"))} | BA25: {=IF($C25="","",KWSUM($I25&", "&$AC$3,"Strength Modifier"))} | BB25: {=IF($C25="","",KWSUM($I25&", "&$AC$3,"BS Modifier"))} | BC25: {=IF($C25="","",_xlfn.LET(_xlpm.src,$I25&", "&$AC$3,_xlpm.c,KWMIN(_xlpm.src,"Critical Hits"),IF(KW(_xlpm.src,"Snap Shooting")=TRUE,6,IF(ISNUMBER(_xlpm.c),MEDIAN(2,6,_xlpm.c),6))))} | BD25: {=IF($C25="","",KWSUM($I25&", "&$AC$3,"Save Modifier"))}
A26: TRUE | B26: 1 | P26: {=IF(OR($C26="",NOT($A26)),"",N($B26)*(MAX(1,DICEAVG($D26)+$AZ26)+$AH26*($E$3="Yes")+($AI26+$AJ26)*INT($H$3/5)))} | Q26: =IF(OR($C26="",NOT($A26)),"",IF($AA26,$P26,_xlfn.LET(_xlpm.p,MAX((7-$AO26)/6,(7-$BC26)/6),_xlpm.ph,IF($AW26=2,_xlpm.p+(1-_xlpm.p)*_xlpm.p,IF($AW26=1,_xlpm.p+_xlpm.p/6,_xlpm.p)),$P26*_xlpm.ph+$P26*$AY26*$AC26))) | R26: =IF(OR($C26="",NOT($A26)),"",IF(AND($AB26,NOT($AA26)),$P26*$AY26,0)) | S26: =IF(OR($C26="",NOT($A26)),"",_xlfn.LET(_xlpm.n,$Q26-$R26,_xlpm.pW,(7-$AP26)/6,_xlpm.pC,(7-$AN26)/6,_xlpm.pT,MAX(_xlpm.pW,_xlpm.pC),_xlpm.rr,$AX26,_xlpm.n*IF(_xlpm.rr=2,1-(1-_xlpm.pT)^2,IF(_xlpm.rr=1,_xlpm.pT+_xlpm.pT/6,_xlpm.pT))+$R26)) | T26: =IF(OR($C26="",NOT($A26)),"",IF($AD26,_xlfn.LET(_xlpm.n,$Q26-$R26,_xlpm.pW,(7-$AP26)/6,_xlpm.pC,(7-$AN26)/6,_xlpm.pT,MAX(_xlpm.pW,_xlpm.pC),_xlpm.rr,$AX26,_xlpm.n*IF(_xlpm.rr=2,_xlpm.pC+(1-_xlpm.pT)*_xlpm.pC,IF(_xlpm.rr=1,_xlpm.pC+_xlpm.pC/6,_xlpm.pC))),0)) | U26: =IF(OR($C26="",NOT($A26)),"",($S26-$T26)*($AQ26-1)/6) | V26: {=IF(OR($C26="",NOT($A26)),"",MAX(1,DICEAVG($H26)+$AK26*($E$3="Yes")+$AV26+$AH$3))} | W26: =IF(OR($C26="",NOT($A26)),"",($U26+$T26)*IF(N($K$6)>0,MIN($V26,$K$6),$V26)*($AA$3-1)/6) | X26: =IF(OR($C26="",NOT($A26),$AR26=""),"",MIN($H$3,($U26+$T26)/$AR26)) | Y26: =IF(OR($C26="",NOT($A26)),"",TEXT($W26,"0.00")&" dmg"&IF($X26="","",", "&TEXT($X26,"0.00")&" kills")) | AA26: {=IF($C26="","",KW(($I26&", "&$AC$3),"Torrent")=TRUE)} | AB26: {=IF($C26="","",KW(($I26&", "&$AC$3),"Lethal Hits")=TRUE)} | AC26: {=IF($C26="","",N(KW(($I26&", "&$AC$3),"Sustained Hits")))} | AD26: {=IF($C26="","",KW(($I26&", "&$AC$3),"Devastating Wounds")=TRUE)} | AE26: {=IF($C26="","",KW(($I26&", "&$AC$3),"Twin-Linked")=TRUE)} | AF26: {=IF($C26="","",KW(($I26&", "&$AC$3),"Lance")=TRUE)} | AG26: {=IF($C26="","",KW(($I26&", "&$AC$3),"Heavy")=TRUE)} | AH26: {=IF($C26="","",N(KW(($I26&", "&$AC$3),"Rapid Fire")))} | AI26: {=IF($C26="","",N(KW(($I26&", "&$AC$3),"Blast")))} | AJ26: {=IF($C26="","",N(KW(($I26&", "&$AC$3),"Cleave")))} | AK26: {=IF($C26="","",N(KW(($I26&", "&$AC$3),"Melta")))} | AL26: {=IF($C26="","",KW(($I26&", "&$AC$3),"Ignores Cover")=TRUE)} | AM26: {=IF($C26="","",KW(($I26&", "&$AC$3),"Psychic")=TRUE)} | AN26: {=IF($C26="","",_xlfn.LET(_xlpm.src,$I26&", "&$AC$3,_xlpm.a,KWANTI(_xlpm.src,($O$6&", "&$AD$3)),_xlpm.c,KWMIN(_xlpm.src,"Critical Wounds"),MIN(_xlpm.a,IF(ISNUMBER(_xlpm.c),MEDIAN(2,6,_xlpm.c),6))))} | AO26: {=IF($C26="","",IF($AA26,0,_xlfn.LET(_xlpm.src,$I26&", "&$AC$3,_xlpm.stat,$F$3="Yes",IF(KW(_xlpm.src,"Snap Shooting")=TRUE,IF(_xlpm.stat,4,6),_xlfn.LET(_xlpm.psy,$AM26,_xlpm.hv,$AG26*_xlpm.stat,_xlpm.dmg,-($I$3="Yes"),_xlpm.am,$AS26,_xlpm.tm,$AI$3,_xlpm.mods,IF(_xlpm.psy,MAX(0,_xlpm.hv)+MAX(0,_xlpm.am)+MAX(0,_xlpm.tm),_xlpm.hv+_xlpm.dmg+_xlpm.am+_xlpm.tm),_xlpm.cov,AND(OR($G$3="Yes",$AB$3),NOT($AL26),NOT(_xlpm.psy)),_xlpm.bs,MIN(6,MAX(2,$E26+IF(_xlpm.psy,MIN(0,$BB26),$BB26+_xlpm.cov))),MEDIAN(2,6,_xlpm.bs-MAX(-1,MIN(1,_xlpm.mods))))))))} | AP26: =IF($C26="","",_xlfn.LET(_xlpm.s,MAX(1,$F26+$BA26),_xlpm.t,MAX(1,N($J$6)+$AF$3),_xlpm.base,7-(1+(_xlpm.s>=2*_xlpm.t)+(_xlpm.s>_xlpm.t)+(_xlpm.s>=_xlpm.t)+(_xlpm.s>_xlpm.t/2)),MEDIAN(2,6,_xlpm.base-MAX(-1,MIN(1,$AT26+$AJ$3))))) | AQ26: =IF($C26="","",_xlfn.LET(_xlpm.ap,MIN(0,$G26+$AU26+$AK$3),_xlpm.arm,$L$6-_xlpm.ap-$AG$3-$BD26,_xlpm.inv,IF(ISNUMBER($M$6),$M$6,7),MEDIAN(2,7,MIN(_xlpm.arm,_xlpm.inv)))) | AR26: =IF(OR($C26="",N($K$6)<=0),"",ROUNDUP($K$6/MIN($V26,$K$6),0)/(($AA$3-1)/6)) | AS26: {=IF($C26="","",KWSUM(($I26&", "&$AC$3),"Hit Modifier"))} | AT26: {=IF($C26="","",KWSUM(($I26&", "&$AC$3),"Wound Modifier"))} | AU26: {=IF($C26="","",KWSUM(($I26&", "&$AC$3),"AP Modifier"))} | AV26: {=IF($C26="","",KWSUM(($I26&", "&$AC$3),"Damage Modifier"))} | AW26: {=IF($C26="","",_xlfn.LET(_xlpm.src,$I26&", "&$AC$3,IF(KW(_xlpm.src,"Snap Shooting")=TRUE,0,_xlfn.LET(_xlpm.full,ISNUMBER(_xlfn.XMATCH("Reroll Hits",TRIM(_xlfn.TEXTSPLIT(_xlpm.src,",")))),_xlpm.r,KW(_xlpm.src,"Reroll Hits"),IF(_xlpm.full,2,IF(N(_xlpm.r)>=1,1,0))))))} | AX26: {=IF($C26="","",_xlfn.LET(_xlpm.src,$I26&", "&$AC$3,_xlpm.full,OR($AE26,ISNUMBER(_xlfn.XMATCH("Reroll Wounds",TRIM(_xlfn.TEXTSPLIT(_xlpm.src,","))))),_xlpm.r,KW(_xlpm.src,"Reroll Wounds"),IF(_xlpm.full,2,IF(N(_xlpm.r)>=1,1,0))))} | AY26: =IF($C26="","",IF($AA26,0,_xlfn.LET(_xlpm.pc,(7-$BC26)/6,_xlpm.p,MAX((7-$AO26)/6,_xlpm.pc),IF($AW26=2,_xlpm.pc+(1-_xlpm.p)*_xlpm.pc,IF($AW26=1,_xlpm.pc+_xlpm.pc/6,_xlpm.pc))))) | AZ26: {=IF($C26="","",KWSUM($I26&", "&$AC$3,"Attacks Modifier"))} | BA26: {=IF($C26="","",KWSUM($I26&", "&$AC$3,"Strength Modifier"))} | BB26: {=IF($C26="","",KWSUM($I26&", "&$AC$3,"BS Modifier"))} | BC26: {=IF($C26="","",_xlfn.LET(_xlpm.src,$I26&", "&$AC$3,_xlpm.c,KWMIN(_xlpm.src,"Critical Hits"),IF(KW(_xlpm.src,"Snap Shooting")=TRUE,6,IF(ISNUMBER(_xlpm.c),MEDIAN(2,6,_xlpm.c),6))))} | BD26: {=IF($C26="","",KWSUM($I26&", "&$AC$3,"Save Modifier"))}
A27: TRUE | B27: 1 | P27: {=IF(OR($C27="",NOT($A27)),"",N($B27)*(MAX(1,DICEAVG($D27)+$AZ27)+$AH27*($E$3="Yes")+($AI27+$AJ27)*INT($H$3/5)))} | Q27: =IF(OR($C27="",NOT($A27)),"",IF($AA27,$P27,_xlfn.LET(_xlpm.p,MAX((7-$AO27)/6,(7-$BC27)/6),_xlpm.ph,IF($AW27=2,_xlpm.p+(1-_xlpm.p)*_xlpm.p,IF($AW27=1,_xlpm.p+_xlpm.p/6,_xlpm.p)),$P27*_xlpm.ph+$P27*$AY27*$AC27))) | R27: =IF(OR($C27="",NOT($A27)),"",IF(AND($AB27,NOT($AA27)),$P27*$AY27,0)) | S27: =IF(OR($C27="",NOT($A27)),"",_xlfn.LET(_xlpm.n,$Q27-$R27,_xlpm.pW,(7-$AP27)/6,_xlpm.pC,(7-$AN27)/6,_xlpm.pT,MAX(_xlpm.pW,_xlpm.pC),_xlpm.rr,$AX27,_xlpm.n*IF(_xlpm.rr=2,1-(1-_xlpm.pT)^2,IF(_xlpm.rr=1,_xlpm.pT+_xlpm.pT/6,_xlpm.pT))+$R27)) | T27: =IF(OR($C27="",NOT($A27)),"",IF($AD27,_xlfn.LET(_xlpm.n,$Q27-$R27,_xlpm.pW,(7-$AP27)/6,_xlpm.pC,(7-$AN27)/6,_xlpm.pT,MAX(_xlpm.pW,_xlpm.pC),_xlpm.rr,$AX27,_xlpm.n*IF(_xlpm.rr=2,_xlpm.pC+(1-_xlpm.pT)*_xlpm.pC,IF(_xlpm.rr=1,_xlpm.pC+_xlpm.pC/6,_xlpm.pC))),0)) | U27: =IF(OR($C27="",NOT($A27)),"",($S27-$T27)*($AQ27-1)/6) | V27: {=IF(OR($C27="",NOT($A27)),"",MAX(1,DICEAVG($H27)+$AK27*($E$3="Yes")+$AV27+$AH$3))} | W27: =IF(OR($C27="",NOT($A27)),"",($U27+$T27)*IF(N($K$6)>0,MIN($V27,$K$6),$V27)*($AA$3-1)/6) | X27: =IF(OR($C27="",NOT($A27),$AR27=""),"",MIN($H$3,($U27+$T27)/$AR27)) | Y27: =IF(OR($C27="",NOT($A27)),"",TEXT($W27,"0.00")&" dmg"&IF($X27="","",", "&TEXT($X27,"0.00")&" kills")) | AA27: {=IF($C27="","",KW(($I27&", "&$AC$3),"Torrent")=TRUE)} | AB27: {=IF($C27="","",KW(($I27&", "&$AC$3),"Lethal Hits")=TRUE)} | AC27: {=IF($C27="","",N(KW(($I27&", "&$AC$3),"Sustained Hits")))} | AD27: {=IF($C27="","",KW(($I27&", "&$AC$3),"Devastating Wounds")=TRUE)} | AE27: {=IF($C27="","",KW(($I27&", "&$AC$3),"Twin-Linked")=TRUE)} | AF27: {=IF($C27="","",KW(($I27&", "&$AC$3),"Lance")=TRUE)} | AG27: {=IF($C27="","",KW(($I27&", "&$AC$3),"Heavy")=TRUE)} | AH27: {=IF($C27="","",N(KW(($I27&", "&$AC$3),"Rapid Fire")))} | AI27: {=IF($C27="","",N(KW(($I27&", "&$AC$3),"Blast")))} | AJ27: {=IF($C27="","",N(KW(($I27&", "&$AC$3),"Cleave")))} | AK27: {=IF($C27="","",N(KW(($I27&", "&$AC$3),"Melta")))} | AL27: {=IF($C27="","",KW(($I27&", "&$AC$3),"Ignores Cover")=TRUE)} | AM27: {=IF($C27="","",KW(($I27&", "&$AC$3),"Psychic")=TRUE)} | AN27: {=IF($C27="","",_xlfn.LET(_xlpm.src,$I27&", "&$AC$3,_xlpm.a,KWANTI(_xlpm.src,($O$6&", "&$AD$3)),_xlpm.c,KWMIN(_xlpm.src,"Critical Wounds"),MIN(_xlpm.a,IF(ISNUMBER(_xlpm.c),MEDIAN(2,6,_xlpm.c),6))))} | AO27: {=IF($C27="","",IF($AA27,0,_xlfn.LET(_xlpm.src,$I27&", "&$AC$3,_xlpm.stat,$F$3="Yes",IF(KW(_xlpm.src,"Snap Shooting")=TRUE,IF(_xlpm.stat,4,6),_xlfn.LET(_xlpm.psy,$AM27,_xlpm.hv,$AG27*_xlpm.stat,_xlpm.dmg,-($I$3="Yes"),_xlpm.am,$AS27,_xlpm.tm,$AI$3,_xlpm.mods,IF(_xlpm.psy,MAX(0,_xlpm.hv)+MAX(0,_xlpm.am)+MAX(0,_xlpm.tm),_xlpm.hv+_xlpm.dmg+_xlpm.am+_xlpm.tm),_xlpm.cov,AND(OR($G$3="Yes",$AB$3),NOT($AL27),NOT(_xlpm.psy)),_xlpm.bs,MIN(6,MAX(2,$E27+IF(_xlpm.psy,MIN(0,$BB27),$BB27+_xlpm.cov))),MEDIAN(2,6,_xlpm.bs-MAX(-1,MIN(1,_xlpm.mods))))))))} | AP27: =IF($C27="","",_xlfn.LET(_xlpm.s,MAX(1,$F27+$BA27),_xlpm.t,MAX(1,N($J$6)+$AF$3),_xlpm.base,7-(1+(_xlpm.s>=2*_xlpm.t)+(_xlpm.s>_xlpm.t)+(_xlpm.s>=_xlpm.t)+(_xlpm.s>_xlpm.t/2)),MEDIAN(2,6,_xlpm.base-MAX(-1,MIN(1,$AT27+$AJ$3))))) | AQ27: =IF($C27="","",_xlfn.LET(_xlpm.ap,MIN(0,$G27+$AU27+$AK$3),_xlpm.arm,$L$6-_xlpm.ap-$AG$3-$BD27,_xlpm.inv,IF(ISNUMBER($M$6),$M$6,7),MEDIAN(2,7,MIN(_xlpm.arm,_xlpm.inv)))) | AR27: =IF(OR($C27="",N($K$6)<=0),"",ROUNDUP($K$6/MIN($V27,$K$6),0)/(($AA$3-1)/6)) | AS27: {=IF($C27="","",KWSUM(($I27&", "&$AC$3),"Hit Modifier"))} | AT27: {=IF($C27="","",KWSUM(($I27&", "&$AC$3),"Wound Modifier"))} | AU27: {=IF($C27="","",KWSUM(($I27&", "&$AC$3),"AP Modifier"))} | AV27: {=IF($C27="","",KWSUM(($I27&", "&$AC$3),"Damage Modifier"))} | AW27: {=IF($C27="","",_xlfn.LET(_xlpm.src,$I27&", "&$AC$3,IF(KW(_xlpm.src,"Snap Shooting")=TRUE,0,_xlfn.LET(_xlpm.full,ISNUMBER(_xlfn.XMATCH("Reroll Hits",TRIM(_xlfn.TEXTSPLIT(_xlpm.src,",")))),_xlpm.r,KW(_xlpm.src,"Reroll Hits"),IF(_xlpm.full,2,IF(N(_xlpm.r)>=1,1,0))))))} | AX27: {=IF($C27="","",_xlfn.LET(_xlpm.src,$I27&", "&$AC$3,_xlpm.full,OR($AE27,ISNUMBER(_xlfn.XMATCH("Reroll Wounds",TRIM(_xlfn.TEXTSPLIT(_xlpm.src,","))))),_xlpm.r,KW(_xlpm.src,"Reroll Wounds"),IF(_xlpm.full,2,IF(N(_xlpm.r)>=1,1,0))))} | AY27: =IF($C27="","",IF($AA27,0,_xlfn.LET(_xlpm.pc,(7-$BC27)/6,_xlpm.p,MAX((7-$AO27)/6,_xlpm.pc),IF($AW27=2,_xlpm.pc+(1-_xlpm.p)*_xlpm.pc,IF($AW27=1,_xlpm.pc+_xlpm.pc/6,_xlpm.pc))))) | AZ27: {=IF($C27="","",KWSUM($I27&", "&$AC$3,"Attacks Modifier"))} | BA27: {=IF($C27="","",KWSUM($I27&", "&$AC$3,"Strength Modifier"))} | BB27: {=IF($C27="","",KWSUM($I27&", "&$AC$3,"BS Modifier"))} | BC27: {=IF($C27="","",_xlfn.LET(_xlpm.src,$I27&", "&$AC$3,_xlpm.c,KWMIN(_xlpm.src,"Critical Hits"),IF(KW(_xlpm.src,"Snap Shooting")=TRUE,6,IF(ISNUMBER(_xlpm.c),MEDIAN(2,6,_xlpm.c),6))))} | BD27: {=IF($C27="","",KWSUM($I27&", "&$AC$3,"Save Modifier"))}
A28: TRUE | B28: 1 | P28: {=IF(OR($C28="",NOT($A28)),"",N($B28)*(MAX(1,DICEAVG($D28)+$AZ28)+$AH28*($E$3="Yes")+($AI28+$AJ28)*INT($H$3/5)))} | Q28: =IF(OR($C28="",NOT($A28)),"",IF($AA28,$P28,_xlfn.LET(_xlpm.p,MAX((7-$AO28)/6,(7-$BC28)/6),_xlpm.ph,IF($AW28=2,_xlpm.p+(1-_xlpm.p)*_xlpm.p,IF($AW28=1,_xlpm.p+_xlpm.p/6,_xlpm.p)),$P28*_xlpm.ph+$P28*$AY28*$AC28))) | R28: =IF(OR($C28="",NOT($A28)),"",IF(AND($AB28,NOT($AA28)),$P28*$AY28,0)) | S28: =IF(OR($C28="",NOT($A28)),"",_xlfn.LET(_xlpm.n,$Q28-$R28,_xlpm.pW,(7-$AP28)/6,_xlpm.pC,(7-$AN28)/6,_xlpm.pT,MAX(_xlpm.pW,_xlpm.pC),_xlpm.rr,$AX28,_xlpm.n*IF(_xlpm.rr=2,1-(1-_xlpm.pT)^2,IF(_xlpm.rr=1,_xlpm.pT+_xlpm.pT/6,_xlpm.pT))+$R28)) | T28: =IF(OR($C28="",NOT($A28)),"",IF($AD28,_xlfn.LET(_xlpm.n,$Q28-$R28,_xlpm.pW,(7-$AP28)/6,_xlpm.pC,(7-$AN28)/6,_xlpm.pT,MAX(_xlpm.pW,_xlpm.pC),_xlpm.rr,$AX28,_xlpm.n*IF(_xlpm.rr=2,_xlpm.pC+(1-_xlpm.pT)*_xlpm.pC,IF(_xlpm.rr=1,_xlpm.pC+_xlpm.pC/6,_xlpm.pC))),0)) | U28: =IF(OR($C28="",NOT($A28)),"",($S28-$T28)*($AQ28-1)/6) | V28: {=IF(OR($C28="",NOT($A28)),"",MAX(1,DICEAVG($H28)+$AK28*($E$3="Yes")+$AV28+$AH$3))} | W28: =IF(OR($C28="",NOT($A28)),"",($U28+$T28)*IF(N($K$6)>0,MIN($V28,$K$6),$V28)*($AA$3-1)/6) | X28: =IF(OR($C28="",NOT($A28),$AR28=""),"",MIN($H$3,($U28+$T28)/$AR28)) | Y28: =IF(OR($C28="",NOT($A28)),"",TEXT($W28,"0.00")&" dmg"&IF($X28="","",", "&TEXT($X28,"0.00")&" kills")) | AA28: {=IF($C28="","",KW(($I28&", "&$AC$3),"Torrent")=TRUE)} | AB28: {=IF($C28="","",KW(($I28&", "&$AC$3),"Lethal Hits")=TRUE)} | AC28: {=IF($C28="","",N(KW(($I28&", "&$AC$3),"Sustained Hits")))} | AD28: {=IF($C28="","",KW(($I28&", "&$AC$3),"Devastating Wounds")=TRUE)} | AE28: {=IF($C28="","",KW(($I28&", "&$AC$3),"Twin-Linked")=TRUE)} | AF28: {=IF($C28="","",KW(($I28&", "&$AC$3),"Lance")=TRUE)} | AG28: {=IF($C28="","",KW(($I28&", "&$AC$3),"Heavy")=TRUE)} | AH28: {=IF($C28="","",N(KW(($I28&", "&$AC$3),"Rapid Fire")))} | AI28: {=IF($C28="","",N(KW(($I28&", "&$AC$3),"Blast")))} | AJ28: {=IF($C28="","",N(KW(($I28&", "&$AC$3),"Cleave")))} | AK28: {=IF($C28="","",N(KW(($I28&", "&$AC$3),"Melta")))} | AL28: {=IF($C28="","",KW(($I28&", "&$AC$3),"Ignores Cover")=TRUE)} | AM28: {=IF($C28="","",KW(($I28&", "&$AC$3),"Psychic")=TRUE)} | AN28: {=IF($C28="","",_xlfn.LET(_xlpm.src,$I28&", "&$AC$3,_xlpm.a,KWANTI(_xlpm.src,($O$6&", "&$AD$3)),_xlpm.c,KWMIN(_xlpm.src,"Critical Wounds"),MIN(_xlpm.a,IF(ISNUMBER(_xlpm.c),MEDIAN(2,6,_xlpm.c),6))))} | AO28: {=IF($C28="","",IF($AA28,0,_xlfn.LET(_xlpm.src,$I28&", "&$AC$3,_xlpm.stat,$F$3="Yes",IF(KW(_xlpm.src,"Snap Shooting")=TRUE,IF(_xlpm.stat,4,6),_xlfn.LET(_xlpm.psy,$AM28,_xlpm.hv,$AG28*_xlpm.stat,_xlpm.dmg,-($I$3="Yes"),_xlpm.am,$AS28,_xlpm.tm,$AI$3,_xlpm.mods,IF(_xlpm.psy,MAX(0,_xlpm.hv)+MAX(0,_xlpm.am)+MAX(0,_xlpm.tm),_xlpm.hv+_xlpm.dmg+_xlpm.am+_xlpm.tm),_xlpm.cov,AND(OR($G$3="Yes",$AB$3),NOT($AL28),NOT(_xlpm.psy)),_xlpm.bs,MIN(6,MAX(2,$E28+IF(_xlpm.psy,MIN(0,$BB28),$BB28+_xlpm.cov))),MEDIAN(2,6,_xlpm.bs-MAX(-1,MIN(1,_xlpm.mods))))))))} | AP28: =IF($C28="","",_xlfn.LET(_xlpm.s,MAX(1,$F28+$BA28),_xlpm.t,MAX(1,N($J$6)+$AF$3),_xlpm.base,7-(1+(_xlpm.s>=2*_xlpm.t)+(_xlpm.s>_xlpm.t)+(_xlpm.s>=_xlpm.t)+(_xlpm.s>_xlpm.t/2)),MEDIAN(2,6,_xlpm.base-MAX(-1,MIN(1,$AT28+$AJ$3))))) | AQ28: =IF($C28="","",_xlfn.LET(_xlpm.ap,MIN(0,$G28+$AU28+$AK$3),_xlpm.arm,$L$6-_xlpm.ap-$AG$3-$BD28,_xlpm.inv,IF(ISNUMBER($M$6),$M$6,7),MEDIAN(2,7,MIN(_xlpm.arm,_xlpm.inv)))) | AR28: =IF(OR($C28="",N($K$6)<=0),"",ROUNDUP($K$6/MIN($V28,$K$6),0)/(($AA$3-1)/6)) | AS28: {=IF($C28="","",KWSUM(($I28&", "&$AC$3),"Hit Modifier"))} | AT28: {=IF($C28="","",KWSUM(($I28&", "&$AC$3),"Wound Modifier"))} | AU28: {=IF($C28="","",KWSUM(($I28&", "&$AC$3),"AP Modifier"))} | AV28: {=IF($C28="","",KWSUM(($I28&", "&$AC$3),"Damage Modifier"))} | AW28: {=IF($C28="","",_xlfn.LET(_xlpm.src,$I28&", "&$AC$3,IF(KW(_xlpm.src,"Snap Shooting")=TRUE,0,_xlfn.LET(_xlpm.full,ISNUMBER(_xlfn.XMATCH("Reroll Hits",TRIM(_xlfn.TEXTSPLIT(_xlpm.src,",")))),_xlpm.r,KW(_xlpm.src,"Reroll Hits"),IF(_xlpm.full,2,IF(N(_xlpm.r)>=1,1,0))))))} | AX28: {=IF($C28="","",_xlfn.LET(_xlpm.src,$I28&", "&$AC$3,_xlpm.full,OR($AE28,ISNUMBER(_xlfn.XMATCH("Reroll Wounds",TRIM(_xlfn.TEXTSPLIT(_xlpm.src,","))))),_xlpm.r,KW(_xlpm.src,"Reroll Wounds"),IF(_xlpm.full,2,IF(N(_xlpm.r)>=1,1,0))))} | AY28: =IF($C28="","",IF($AA28,0,_xlfn.LET(_xlpm.pc,(7-$BC28)/6,_xlpm.p,MAX((7-$AO28)/6,_xlpm.pc),IF($AW28=2,_xlpm.pc+(1-_xlpm.p)*_xlpm.pc,IF($AW28=1,_xlpm.pc+_xlpm.pc/6,_xlpm.pc))))) | AZ28: {=IF($C28="","",KWSUM($I28&", "&$AC$3,"Attacks Modifier"))} | BA28: {=IF($C28="","",KWSUM($I28&", "&$AC$3,"Strength Modifier"))} | BB28: {=IF($C28="","",KWSUM($I28&", "&$AC$3,"BS Modifier"))} | BC28: {=IF($C28="","",_xlfn.LET(_xlpm.src,$I28&", "&$AC$3,_xlpm.c,KWMIN(_xlpm.src,"Critical Hits"),IF(KW(_xlpm.src,"Snap Shooting")=TRUE,6,IF(ISNUMBER(_xlpm.c),MEDIAN(2,6,_xlpm.c),6))))} | BD28: {=IF($C28="","",KWSUM($I28&", "&$AC$3,"Save Modifier"))}
A29: TRUE | B29: 1 | P29: {=IF(OR($C29="",NOT($A29)),"",N($B29)*(MAX(1,DICEAVG($D29)+$AZ29)+$AH29*($E$3="Yes")+($AI29+$AJ29)*INT($H$3/5)))} | Q29: =IF(OR($C29="",NOT($A29)),"",IF($AA29,$P29,_xlfn.LET(_xlpm.p,MAX((7-$AO29)/6,(7-$BC29)/6),_xlpm.ph,IF($AW29=2,_xlpm.p+(1-_xlpm.p)*_xlpm.p,IF($AW29=1,_xlpm.p+_xlpm.p/6,_xlpm.p)),$P29*_xlpm.ph+$P29*$AY29*$AC29))) | R29: =IF(OR($C29="",NOT($A29)),"",IF(AND($AB29,NOT($AA29)),$P29*$AY29,0)) | S29: =IF(OR($C29="",NOT($A29)),"",_xlfn.LET(_xlpm.n,$Q29-$R29,_xlpm.pW,(7-$AP29)/6,_xlpm.pC,(7-$AN29)/6,_xlpm.pT,MAX(_xlpm.pW,_xlpm.pC),_xlpm.rr,$AX29,_xlpm.n*IF(_xlpm.rr=2,1-(1-_xlpm.pT)^2,IF(_xlpm.rr=1,_xlpm.pT+_xlpm.pT/6,_xlpm.pT))+$R29)) | T29: =IF(OR($C29="",NOT($A29)),"",IF($AD29,_xlfn.LET(_xlpm.n,$Q29-$R29,_xlpm.pW,(7-$AP29)/6,_xlpm.pC,(7-$AN29)/6,_xlpm.pT,MAX(_xlpm.pW,_xlpm.pC),_xlpm.rr,$AX29,_xlpm.n*IF(_xlpm.rr=2,_xlpm.pC+(1-_xlpm.pT)*_xlpm.pC,IF(_xlpm.rr=1,_xlpm.pC+_xlpm.pC/6,_xlpm.pC))),0)) | U29: =IF(OR($C29="",NOT($A29)),"",($S29-$T29)*($AQ29-1)/6) | V29: {=IF(OR($C29="",NOT($A29)),"",MAX(1,DICEAVG($H29)+$AK29*($E$3="Yes")+$AV29+$AH$3))} | W29: =IF(OR($C29="",NOT($A29)),"",($U29+$T29)*IF(N($K$6)>0,MIN($V29,$K$6),$V29)*($AA$3-1)/6) | X29: =IF(OR($C29="",NOT($A29),$AR29=""),"",MIN($H$3,($U29+$T29)/$AR29)) | Y29: =IF(OR($C29="",NOT($A29)),"",TEXT($W29,"0.00")&" dmg"&IF($X29="","",", "&TEXT($X29,"0.00")&" kills")) | AA29: {=IF($C29="","",KW(($I29&", "&$AC$3),"Torrent")=TRUE)} | AB29: {=IF($C29="","",KW(($I29&", "&$AC$3),"Lethal Hits")=TRUE)} | AC29: {=IF($C29="","",N(KW(($I29&", "&$AC$3),"Sustained Hits")))} | AD29: {=IF($C29="","",KW(($I29&", "&$AC$3),"Devastating Wounds")=TRUE)} | AE29: {=IF($C29="","",KW(($I29&", "&$AC$3),"Twin-Linked")=TRUE)} | AF29: {=IF($C29="","",KW(($I29&", "&$AC$3),"Lance")=TRUE)} | AG29: {=IF($C29="","",KW(($I29&", "&$AC$3),"Heavy")=TRUE)} | AH29: {=IF($C29="","",N(KW(($I29&", "&$AC$3),"Rapid Fire")))} | AI29: {=IF($C29="","",N(KW(($I29&", "&$AC$3),"Blast")))} | AJ29: {=IF($C29="","",N(KW(($I29&", "&$AC$3),"Cleave")))} | AK29: {=IF($C29="","",N(KW(($I29&", "&$AC$3),"Melta")))} | AL29: {=IF($C29="","",KW(($I29&", "&$AC$3),"Ignores Cover")=TRUE)} | AM29: {=IF($C29="","",KW(($I29&", "&$AC$3),"Psychic")=TRUE)} | AN29: {=IF($C29="","",_xlfn.LET(_xlpm.src,$I29&", "&$AC$3,_xlpm.a,KWANTI(_xlpm.src,($O$6&", "&$AD$3)),_xlpm.c,KWMIN(_xlpm.src,"Critical Wounds"),MIN(_xlpm.a,IF(ISNUMBER(_xlpm.c),MEDIAN(2,6,_xlpm.c),6))))} | AO29: {=IF($C29="","",IF($AA29,0,_xlfn.LET(_xlpm.src,$I29&", "&$AC$3,_xlpm.stat,$F$3="Yes",IF(KW(_xlpm.src,"Snap Shooting")=TRUE,IF(_xlpm.stat,4,6),_xlfn.LET(_xlpm.psy,$AM29,_xlpm.hv,$AG29*_xlpm.stat,_xlpm.dmg,-($I$3="Yes"),_xlpm.am,$AS29,_xlpm.tm,$AI$3,_xlpm.mods,IF(_xlpm.psy,MAX(0,_xlpm.hv)+MAX(0,_xlpm.am)+MAX(0,_xlpm.tm),_xlpm.hv+_xlpm.dmg+_xlpm.am+_xlpm.tm),_xlpm.cov,AND(OR($G$3="Yes",$AB$3),NOT($AL29),NOT(_xlpm.psy)),_xlpm.bs,MIN(6,MAX(2,$E29+IF(_xlpm.psy,MIN(0,$BB29),$BB29+_xlpm.cov))),MEDIAN(2,6,_xlpm.bs-MAX(-1,MIN(1,_xlpm.mods))))))))} | AP29: =IF($C29="","",_xlfn.LET(_xlpm.s,MAX(1,$F29+$BA29),_xlpm.t,MAX(1,N($J$6)+$AF$3),_xlpm.base,7-(1+(_xlpm.s>=2*_xlpm.t)+(_xlpm.s>_xlpm.t)+(_xlpm.s>=_xlpm.t)+(_xlpm.s>_xlpm.t/2)),MEDIAN(2,6,_xlpm.base-MAX(-1,MIN(1,$AT29+$AJ$3))))) | AQ29: =IF($C29="","",_xlfn.LET(_xlpm.ap,MIN(0,$G29+$AU29+$AK$3),_xlpm.arm,$L$6-_xlpm.ap-$AG$3-$BD29,_xlpm.inv,IF(ISNUMBER($M$6),$M$6,7),MEDIAN(2,7,MIN(_xlpm.arm,_xlpm.inv)))) | AR29: =IF(OR($C29="",N($K$6)<=0),"",ROUNDUP($K$6/MIN($V29,$K$6),0)/(($AA$3-1)/6)) | AS29: {=IF($C29="","",KWSUM(($I29&", "&$AC$3),"Hit Modifier"))} | AT29: {=IF($C29="","",KWSUM(($I29&", "&$AC$3),"Wound Modifier"))} | AU29: {=IF($C29="","",KWSUM(($I29&", "&$AC$3),"AP Modifier"))} | AV29: {=IF($C29="","",KWSUM(($I29&", "&$AC$3),"Damage Modifier"))} | AW29: {=IF($C29="","",_xlfn.LET(_xlpm.src,$I29&", "&$AC$3,IF(KW(_xlpm.src,"Snap Shooting")=TRUE,0,_xlfn.LET(_xlpm.full,ISNUMBER(_xlfn.XMATCH("Reroll Hits",TRIM(_xlfn.TEXTSPLIT(_xlpm.src,",")))),_xlpm.r,KW(_xlpm.src,"Reroll Hits"),IF(_xlpm.full,2,IF(N(_xlpm.r)>=1,1,0))))))} | AX29: {=IF($C29="","",_xlfn.LET(_xlpm.src,$I29&", "&$AC$3,_xlpm.full,OR($AE29,ISNUMBER(_xlfn.XMATCH("Reroll Wounds",TRIM(_xlfn.TEXTSPLIT(_xlpm.src,","))))),_xlpm.r,KW(_xlpm.src,"Reroll Wounds"),IF(_xlpm.full,2,IF(N(_xlpm.r)>=1,1,0))))} | AY29: =IF($C29="","",IF($AA29,0,_xlfn.LET(_xlpm.pc,(7-$BC29)/6,_xlpm.p,MAX((7-$AO29)/6,_xlpm.pc),IF($AW29=2,_xlpm.pc+(1-_xlpm.p)*_xlpm.pc,IF($AW29=1,_xlpm.pc+_xlpm.pc/6,_xlpm.pc))))) | AZ29: {=IF($C29="","",KWSUM($I29&", "&$AC$3,"Attacks Modifier"))} | BA29: {=IF($C29="","",KWSUM($I29&", "&$AC$3,"Strength Modifier"))} | BB29: {=IF($C29="","",KWSUM($I29&", "&$AC$3,"BS Modifier"))} | BC29: {=IF($C29="","",_xlfn.LET(_xlpm.src,$I29&", "&$AC$3,_xlpm.c,KWMIN(_xlpm.src,"Critical Hits"),IF(KW(_xlpm.src,"Snap Shooting")=TRUE,6,IF(ISNUMBER(_xlpm.c),MEDIAN(2,6,_xlpm.c),6))))} | BD29: {=IF($C29="","",KWSUM($I29&", "&$AC$3,"Save Modifier"))}
A30: TRUE | B30: 1 | P30: {=IF(OR($C30="",NOT($A30)),"",N($B30)*(MAX(1,DICEAVG($D30)+$AZ30)+$AH30*($E$3="Yes")+($AI30+$AJ30)*INT($H$3/5)))} | Q30: =IF(OR($C30="",NOT($A30)),"",IF($AA30,$P30,_xlfn.LET(_xlpm.p,MAX((7-$AO30)/6,(7-$BC30)/6),_xlpm.ph,IF($AW30=2,_xlpm.p+(1-_xlpm.p)*_xlpm.p,IF($AW30=1,_xlpm.p+_xlpm.p/6,_xlpm.p)),$P30*_xlpm.ph+$P30*$AY30*$AC30))) | R30: =IF(OR($C30="",NOT($A30)),"",IF(AND($AB30,NOT($AA30)),$P30*$AY30,0)) | S30: =IF(OR($C30="",NOT($A30)),"",_xlfn.LET(_xlpm.n,$Q30-$R30,_xlpm.pW,(7-$AP30)/6,_xlpm.pC,(7-$AN30)/6,_xlpm.pT,MAX(_xlpm.pW,_xlpm.pC),_xlpm.rr,$AX30,_xlpm.n*IF(_xlpm.rr=2,1-(1-_xlpm.pT)^2,IF(_xlpm.rr=1,_xlpm.pT+_xlpm.pT/6,_xlpm.pT))+$R30)) | T30: =IF(OR($C30="",NOT($A30)),"",IF($AD30,_xlfn.LET(_xlpm.n,$Q30-$R30,_xlpm.pW,(7-$AP30)/6,_xlpm.pC,(7-$AN30)/6,_xlpm.pT,MAX(_xlpm.pW,_xlpm.pC),_xlpm.rr,$AX30,_xlpm.n*IF(_xlpm.rr=2,_xlpm.pC+(1-_xlpm.pT)*_xlpm.pC,IF(_xlpm.rr=1,_xlpm.pC+_xlpm.pC/6,_xlpm.pC))),0)) | U30: =IF(OR($C30="",NOT($A30)),"",($S30-$T30)*($AQ30-1)/6) | V30: {=IF(OR($C30="",NOT($A30)),"",MAX(1,DICEAVG($H30)+$AK30*($E$3="Yes")+$AV30+$AH$3))} | W30: =IF(OR($C30="",NOT($A30)),"",($U30+$T30)*IF(N($K$6)>0,MIN($V30,$K$6),$V30)*($AA$3-1)/6) | X30: =IF(OR($C30="",NOT($A30),$AR30=""),"",MIN($H$3,($U30+$T30)/$AR30)) | Y30: =IF(OR($C30="",NOT($A30)),"",TEXT($W30,"0.00")&" dmg"&IF($X30="","",", "&TEXT($X30,"0.00")&" kills")) | AA30: {=IF($C30="","",KW(($I30&", "&$AC$3),"Torrent")=TRUE)} | AB30: {=IF($C30="","",KW(($I30&", "&$AC$3),"Lethal Hits")=TRUE)} | AC30: {=IF($C30="","",N(KW(($I30&", "&$AC$3),"Sustained Hits")))} | AD30: {=IF($C30="","",KW(($I30&", "&$AC$3),"Devastating Wounds")=TRUE)} | AE30: {=IF($C30="","",KW(($I30&", "&$AC$3),"Twin-Linked")=TRUE)} | AF30: {=IF($C30="","",KW(($I30&", "&$AC$3),"Lance")=TRUE)} | AG30: {=IF($C30="","",KW(($I30&", "&$AC$3),"Heavy")=TRUE)} | AH30: {=IF($C30="","",N(KW(($I30&", "&$AC$3),"Rapid Fire")))} | AI30: {=IF($C30="","",N(KW(($I30&", "&$AC$3),"Blast")))} | AJ30: {=IF($C30="","",N(KW(($I30&", "&$AC$3),"Cleave")))} | AK30: {=IF($C30="","",N(KW(($I30&", "&$AC$3),"Melta")))} | AL30: {=IF($C30="","",KW(($I30&", "&$AC$3),"Ignores Cover")=TRUE)} | AM30: {=IF($C30="","",KW(($I30&", "&$AC$3),"Psychic")=TRUE)} | AN30: {=IF($C30="","",_xlfn.LET(_xlpm.src,$I30&", "&$AC$3,_xlpm.a,KWANTI(_xlpm.src,($O$6&", "&$AD$3)),_xlpm.c,KWMIN(_xlpm.src,"Critical Wounds"),MIN(_xlpm.a,IF(ISNUMBER(_xlpm.c),MEDIAN(2,6,_xlpm.c),6))))} | AO30: {=IF($C30="","",IF($AA30,0,_xlfn.LET(_xlpm.src,$I30&", "&$AC$3,_xlpm.stat,$F$3="Yes",IF(KW(_xlpm.src,"Snap Shooting")=TRUE,IF(_xlpm.stat,4,6),_xlfn.LET(_xlpm.psy,$AM30,_xlpm.hv,$AG30*_xlpm.stat,_xlpm.dmg,-($I$3="Yes"),_xlpm.am,$AS30,_xlpm.tm,$AI$3,_xlpm.mods,IF(_xlpm.psy,MAX(0,_xlpm.hv)+MAX(0,_xlpm.am)+MAX(0,_xlpm.tm),_xlpm.hv+_xlpm.dmg+_xlpm.am+_xlpm.tm),_xlpm.cov,AND(OR($G$3="Yes",$AB$3),NOT($AL30),NOT(_xlpm.psy)),_xlpm.bs,MIN(6,MAX(2,$E30+IF(_xlpm.psy,MIN(0,$BB30),$BB30+_xlpm.cov))),MEDIAN(2,6,_xlpm.bs-MAX(-1,MIN(1,_xlpm.mods))))))))} | AP30: =IF($C30="","",_xlfn.LET(_xlpm.s,MAX(1,$F30+$BA30),_xlpm.t,MAX(1,N($J$6)+$AF$3),_xlpm.base,7-(1+(_xlpm.s>=2*_xlpm.t)+(_xlpm.s>_xlpm.t)+(_xlpm.s>=_xlpm.t)+(_xlpm.s>_xlpm.t/2)),MEDIAN(2,6,_xlpm.base-MAX(-1,MIN(1,$AT30+$AJ$3))))) | AQ30: =IF($C30="","",_xlfn.LET(_xlpm.ap,MIN(0,$G30+$AU30+$AK$3),_xlpm.arm,$L$6-_xlpm.ap-$AG$3-$BD30,_xlpm.inv,IF(ISNUMBER($M$6),$M$6,7),MEDIAN(2,7,MIN(_xlpm.arm,_xlpm.inv)))) | AR30: =IF(OR($C30="",N($K$6)<=0),"",ROUNDUP($K$6/MIN($V30,$K$6),0)/(($AA$3-1)/6)) | AS30: {=IF($C30="","",KWSUM(($I30&", "&$AC$3),"Hit Modifier"))} | AT30: {=IF($C30="","",KWSUM(($I30&", "&$AC$3),"Wound Modifier"))} | AU30: {=IF($C30="","",KWSUM(($I30&", "&$AC$3),"AP Modifier"))} | AV30: {=IF($C30="","",KWSUM(($I30&", "&$AC$3),"Damage Modifier"))} | AW30: {=IF($C30="","",_xlfn.LET(_xlpm.src,$I30&", "&$AC$3,IF(KW(_xlpm.src,"Snap Shooting")=TRUE,0,_xlfn.LET(_xlpm.full,ISNUMBER(_xlfn.XMATCH("Reroll Hits",TRIM(_xlfn.TEXTSPLIT(_xlpm.src,",")))),_xlpm.r,KW(_xlpm.src,"Reroll Hits"),IF(_xlpm.full,2,IF(N(_xlpm.r)>=1,1,0))))))} | AX30: {=IF($C30="","",_xlfn.LET(_xlpm.src,$I30&", "&$AC$3,_xlpm.full,OR($AE30,ISNUMBER(_xlfn.XMATCH("Reroll Wounds",TRIM(_xlfn.TEXTSPLIT(_xlpm.src,","))))),_xlpm.r,KW(_xlpm.src,"Reroll Wounds"),IF(_xlpm.full,2,IF(N(_xlpm.r)>=1,1,0))))} | AY30: =IF($C30="","",IF($AA30,0,_xlfn.LET(_xlpm.pc,(7-$BC30)/6,_xlpm.p,MAX((7-$AO30)/6,_xlpm.pc),IF($AW30=2,_xlpm.pc+(1-_xlpm.p)*_xlpm.pc,IF($AW30=1,_xlpm.pc+_xlpm.pc/6,_xlpm.pc))))) | AZ30: {=IF($C30="","",KWSUM($I30&", "&$AC$3,"Attacks Modifier"))} | BA30: {=IF($C30="","",KWSUM($I30&", "&$AC$3,"Strength Modifier"))} | BB30: {=IF($C30="","",KWSUM($I30&", "&$AC$3,"BS Modifier"))} | BC30: {=IF($C30="","",_xlfn.LET(_xlpm.src,$I30&", "&$AC$3,_xlpm.c,KWMIN(_xlpm.src,"Critical Hits"),IF(KW(_xlpm.src,"Snap Shooting")=TRUE,6,IF(ISNUMBER(_xlpm.c),MEDIAN(2,6,_xlpm.c),6))))} | BD30: {=IF($C30="","",KWSUM($I30&", "&$AC$3,"Save Modifier"))}
C32: Attacker Rules & Stratagems (tick to apply)
A33: Use | C33: Rule / Stratagem | D33: Type | E33: Effect
A34: FALSE | C34: {=_xlfn.TAKE(OPTIONS($C$3,"Attacker","Shooting"),15)} -> Command Re-roll | D34: Core Strat
A35: FALSE | C35: Explosives | D35: Core Strat
A36: FALSE | C36: Fire Overwatch | D36: Core Strat | E36: Snap Shooting
A37: FALSE
A38: FALSE
A39: FALSE
A40: FALSE
A41: FALSE
A42: FALSE
A43: FALSE
A44: FALSE
A45: FALSE
A46: FALSE
A47: FALSE
A48: FALSE
C50: Target Rules & Stratagems (tick to apply)
A51: Use | C51: Rule / Stratagem | D51: Type | E51: Effect
A52: FALSE | C52: {=_xlfn.TAKE(OPTIONS($AE$3,"Target","Shooting"),15)} -> Smokescreen | D52: Core Strat | E52: Stealth
A53: FALSE
A54: FALSE
A55: FALSE
A56: FALSE
A57: FALSE
A58: FALSE
A59: FALSE
A60: FALSE
A61: FALSE
A62: FALSE
A63: FALSE
A64: FALSE
... A66: FALSE

Sheet Sim-Fighting
C2: Faction | E2: Charged This Turn? | F2: Target Models | G2: Attacker Damaged? | H2: Attacker Effects | J2: Target Effects | P2: Total Damage | Q2: Total Models Killed | R2: Weapons in Use | S2: Check | AA2: Target FNP | AB2: Target Stealth | AC2: Attacker Rule Mods | AD2: Target Rule Mods | AE2: Target Faction | AF2: Target T Mod | AG2: Target Save Mod | AH2: Target Dmg Mod | AI2: Target Hit Mod | AJ2: Target Wound Mod | AK2: Target AP Mod
C3: DeathGuard | E3: Yes | F3: 5 | G3: No | H3: =IF($AC$3="","None ticked",$AC$3) -> None ticked | J3: =IF($AD$3="","None ticked",$AD$3) -> None ticked | P3: =SUM(W6:W30) -> 1.375 | Q3: =MIN($F$3,SUM(X6:X30)) -> 0.6875 | R3: {=SUMPRODUCT(($C$6:$C$30<>"")*($A$6:$A$30=TRUE))&" of "&COUNTIF($C$6:$C$30,"?*")} -> 1 of 1 | S3: {=_xlfn.LET(_xlpm.nw,IFERROR(IF(INDEX(_xlfn.ANCHORARRAY($C$6),1)="",0,ROWS(_xlfn.ANCHORARRAY($C$6))),0),_xlpm.un,_xlfn._xlws.FILTER($C$6:$C$30,($C$6:$C$30<>"")*($A$6:$A$30=FALSE),""),_xlpm.ao,IFERROR(ROWS(OPTIONS($C$3,"Attacker","Fighting")),0),_xlpm.to,IFERROR(ROWS(OPTIONS($AE$3,"Target","Fighting")),0),_xlpm.bad,SUMPRODUCT(($A$34:$A$48=TRUE)*($C$34:$C$48=""))+SUMPRODUCT(($A$52:$A$66=TRUE)*($C$52:$C$66="")),_xlpm.w,_xlfn.TEXTJOIN(" | ",TRUE,IF($AE$3="","Target not found - pick a target in I4",""),IF(AND(_xlpm.nw>0,$AE$3<>"",OR(N($J$6)<=0,N($K$6)<=0,NOT(ISNUMBER($L$6)))),"Target is missing T, W or Sv",""),IF(_xlpm.nw>25,"Unit has "&_xlpm.nw&" weapons - only the first 25 are shown",""),IF(_xlpm.ao>15,"Attacker has "&_xlpm.ao&" rules/stratagems - only 15 shown",""),IF(_xlpm.to>15,"Target has "&_xlpm.to&" rules/stratagems - only 15 shown",""),IF(_xlpm.bad>0,_xlpm.bad&" ticked rule/stratagem row(s) are empty - untick them",""),IF(INDEX(_xlpm.un,1)<>"","Unticked: "&_xlfn.TEXTJOIN(", ",TRUE,_xlpm.un),"")),IF(_xlpm.w="","OK - after changing unit, target or faction, re-check your ticks",_xlpm.w))} -> OK - after changing unit, target or faction, re-check your ticks | AA3: {=_xlfn.LET(_xlpm.a,$N$6,_xlpm.b,KWMIN(($O$6&", "&$AD$3),"Feel No Pain"),MIN(IF(AND(ISNUMBER(_xlpm.a),_xlpm.a>=2,_xlpm.a<=6),_xlpm.a,7),IF(ISNUMBER(_xlpm.b),_xlpm.b,7)))} -> 7 | AB3: {=KW(($O$6&", "&$AD$3),"Stealth")=TRUE} -> FALSE | AC3: {=_xlfn.TEXTJOIN(", ",TRUE,_xlfn._xlws.FILTER($E$34:$E$48,($A$34:$A$48=TRUE)*($C$34:$C$48<>""),""))} | AD3: {=_xlfn.TEXTJOIN(", ",TRUE,_xlfn._xlws.FILTER($E$52:$E$66,($A$52:$A$66=TRUE)*($C$52:$C$66<>""),""))} | AE3: =IFERROR(_xlfn.TEXTBEFORE(_xlfn.TEXTAFTER($J$4," (",-1),")",-1),"") -> Space Marines | AF3: {=KWSUM(($O$6&", "&$AD$3),"Toughness Modifier")} -> 0 | AG3: {=KWSUM(($O$6&", "&$AD$3),"Save Modifier")} -> 0 | AH3: {=KWSUM(($O$6&", "&$AD$3),"Damage Modifier")} -> 0 | AI3: {=KWSUM(($O$6&", "&$AD$3),"Hit Modifier")} -> 0 | AJ3: {=KWSUM(($O$6&", "&$AD$3),"Wound Modifier")} -> 0 | AK3: {=KWSUM(($O$6&", "&$AD$3),"AP Modifier")} -> 0
C4: Chaos Spawn | J4: Intercessor (Space Marines) | P4: Results | AA4: Keyword Values (helper columns)
A5: Use | B5: Qty | C5: Weapon | D5: A | E5: BS | F5: S | G5: AP | H5: D | I5: Modifier | J5: T | K5: W | L5: Sv | M5: InSv | N5: FNP | O5: Modifiers | P5: Attacks | Q5: Hits | R5: Auto Wounds | S5: Wounds | T5: Mortal Wounds | U5: Unsaved | V5: Dmg per Attack | W5: Total Damage | X5: Models Killed | Y5: Summary | AA5: Torrent | AB5: Lethal Hits | AC5: Sustained Hits | AD5: Dev Wounds | AE5: Twin-Linked | AF5: Lance | AG5: Heavy | AH5: Rapid Fire | AI5: Blast | AJ5: Cleave | AK5: Melta | AL5: Ignores Cover | AM5: Psychic | AN5: Crit Wound On | AO5: Hit Need | AP5: Wound Need | AQ5: Save Need | AR5: Attacks per Kill | AS5: Hit Mod | AT5: Wound Mod | AU5: AP Mod | AV5: Dmg Mod | AW5: Hit Reroll | AX5: Wound Reroll | AY5: Crit Hit Chance | AZ5: Attacks Mod | BA5: Strength Mod | BB5: WS Mod | BC5: Crit Hit On | BD5: Save Mod (Attacker) | BF5: Melee Units | BH5: Target Units
A6: TRUE | B6: 1 | C6: {=IFERROR(_xlfn.LET(_xlpm.k,_xlfn.XMATCH(TRIM($C$3),Factions[Faction]),_xlpm.u,$C$4,_xlpm.blk,FACTIONBLOCK(_xlpm.k),_xlpm.srcUnit,_xlfn.CHOOSECOLS(_xlpm.blk,1),_xlpm.srcWeapon,_xlfn.CHOOSECOLS(_xlpm.blk,16),_xlpm.srcType,_xlfn.CHOOSECOLS(_xlpm.blk,17),_xlpm.unitFill,_xlfn.SCAN("",_xlpm.srcUnit,_xlfn.LAMBDA(_xlpm.a,_xlpm.v,IF(_xlpm.v<>"",_xlpm.v,_xlpm.a))),_xlpm.names,_xlfn._xlws.FILTER(_xlpm.srcWeapon,(_xlpm.unitFill=_xlpm.u)*(_xlpm.srcWeapon<>"")*(_xlpm.srcType="Melee")),_xlpm.stats,_xlfn.CHOOSECOLS(_xlpm.blk,_xlfn.SEQUENCE(1,7,29)),_xlpm.statNames,_xlfn.CHOOSECOLS(_xlpm.blk,29),_xlpm.idx,_xlfn.XMATCH(_xlpm.names,_xlpm.statNames),_xlpm.res,_xlfn.CHOOSEROWS(_xlpm.stats,_xlfn._xlws.FILTER(_xlpm.idx,ISNUMBER(_xlpm.idx))),IF(_xlpm.res="","",_xlpm.res)),"")} -> Hideous Mutations | D6: D6+2 | E6: 4 | F6: 5 | G6: -1 | H6: 2 | J6: {=IF($C$6="","",_xlfn.XLOOKUP($J$4,_xlfn.CHOOSECOLS(AllTargets,1),_xlfn.CHOOSECOLS(AllTargets,COLUMN()-COLUMN($I$6)+1),""))} -> 5 | K6: {=IF($C$6="","",_xlfn.XLOOKUP($J$4,_xlfn.CHOOSECOLS(AllTargets,1),_xlfn.CHOOSECOLS(AllTargets,COLUMN()-COLUMN($I$6)+1),""))} -> 2 | L6: {=IF($C$6="","",_xlfn.XLOOKUP($J$4,_xlfn.CHOOSECOLS(AllTargets,1),_xlfn.CHOOSECOLS(AllTargets,COLUMN()-COLUMN($I$6)+1),""))} -> 3 | M6: {=IF($C$6="","",_xlfn.XLOOKUP($J$4,_xlfn.CHOOSECOLS(AllTargets,1),_xlfn.CHOOSECOLS(AllTargets,COLUMN()-COLUMN($I$6)+1),""))} -> - | N6: {=IF($C$6="","",_xlfn.XLOOKUP($J$4,_xlfn.CHOOSECOLS(AllTargets,1),_xlfn.CHOOSECOLS(AllTargets,COLUMN()-COLUMN($I$6)+1),""))} -> - | O6: {=IF($C$6="","",_xlfn.XLOOKUP($J$4,_xlfn.CHOOSECOLS(AllTargets,1),_xlfn.CHOOSECOLS(AllTargets,COLUMN()-COLUMN($I$6)+1),""))} -> - | P6: {=IF(OR($C6="",NOT($A6)),"",N($B6)*(MAX(1,DICEAVG($D6)+$AZ6)+$AH6*FALSE+($AI6+$AJ6)*INT($F$3/5)))} -> 5.5 | Q6: =IF(OR($C6="",NOT($A6)),"",IF($AA6,$P6,_xlfn.LET(_xlpm.p,MAX((7-$AO6)/6,(7-$BC6)/6),_xlpm.ph,IF($AW6=2,_xlpm.p+(1-_xlpm.p)*_xlpm.p,IF($AW6=1,_xlpm.p+_xlpm.p/6,_xlpm.p)),$P6*_xlpm.ph+$P6*$AY6*$AC6))) -> 2.75 | R6: =IF(OR($C6="",NOT($A6)),"",IF(AND($AB6,NOT($AA6)),$P6*$AY6,0)) -> 0 | S6: =IF(OR($C6="",NOT($A6)),"",_xlfn.LET(_xlpm.n,$Q6-$R6,_xlpm.pW,(7-$AP6)/6,_xlpm.pC,(7-$AN6)/6,_xlpm.pT,MAX(_xlpm.pW,_xlpm.pC),_xlpm.rr,$AX6,_xlpm.n*IF(_xlpm.rr=2,1-(1-_xlpm.pT)^2,IF(_xlpm.rr=1,_xlpm.pT+_xlpm.pT/6,_xlpm.pT))+$R6)) -> 1.375 | T6: =IF(OR($C6="",NOT($A6)),"",IF($AD6,_xlfn.LET(_xlpm.n,$Q6-$R6,_xlpm.pW,(7-$AP6)/6,_xlpm.pC,(7-$AN6)/6,_xlpm.pT,MAX(_xlpm.pW,_xlpm.pC),_xlpm.rr,$AX6,_xlpm.n*IF(_xlpm.rr=2,_xlpm.pC+(1-_xlpm.pT)*_xlpm.pC,IF(_xlpm.rr=1,_xlpm.pC+_xlpm.pC/6,_xlpm.pC))),0)) -> 0 | U6: =IF(OR($C6="",NOT($A6)),"",($S6-$T6)*($AQ6-1)/6) -> 0.6875 | V6: {=IF(OR($C6="",NOT($A6)),"",MAX(1,DICEAVG($H6)+$AK6*FALSE+$AV6+$AH$3))} -> 2 | W6: =IF(OR($C6="",NOT($A6)),"",($U6+$T6)*IF(N($K$6)>0,MIN($V6,$K$6),$V6)*($AA$3-1)/6) -> 1.375 | X6: =IF(OR($C6="",NOT($A6),$AR6=""),"",MIN($F$3,($U6+$T6)/$AR6)) -> 0.6875 | Y6: =IF(OR($C6="",NOT($A6)),"",TEXT($W6,"0.00")&" dmg"&IF($X6="","",", "&TEXT($X6,"0.00")&" kills")) -> 1.38 dmg, 0.69 kills | AA6: {=IF($C6="","",KW(($I6&", "&$AC$3),"Torrent")=TRUE)} -> FALSE | AB6: {=IF($C6="","",KW(($I6&", "&$AC$3),"Lethal Hits")=TRUE)} -> FALSE | AC6: {=IF($C6="","",N(KW(($I6&", "&$AC$3),"Sustained Hits")))} -> 0 | AD6: {=IF($C6="","",KW(($I6&", "&$AC$3),"Devastating Wounds")=TRUE)} -> FALSE | AE6: {=IF($C6="","",KW(($I6&", "&$AC$3),"Twin-Linked")=TRUE)} -> FALSE | AF6: {=IF($C6="","",KW(($I6&", "&$AC$3),"Lance")=TRUE)} -> FALSE | AG6: {=IF($C6="","",KW(($I6&", "&$AC$3),"Heavy")=TRUE)} -> FALSE | AH6: {=IF($C6="","",N(KW(($I6&", "&$AC$3),"Rapid Fire")))} -> 0 | AI6: {=IF($C6="","",N(KW(($I6&", "&$AC$3),"Blast")))} -> 0 | AJ6: {=IF($C6="","",N(KW(($I6&", "&$AC$3),"Cleave")))} -> 0 | AK6: {=IF($C6="","",N(KW(($I6&", "&$AC$3),"Melta")))} -> 0 | AL6: {=IF($C6="","",KW(($I6&", "&$AC$3),"Ignores Cover")=TRUE)} -> FALSE | AM6: {=IF($C6="","",KW(($I6&", "&$AC$3),"Psychic")=TRUE)} -> FALSE | AN6: {=IF($C6="","",_xlfn.LET(_xlpm.src,$I6&", "&$AC$3,_xlpm.a,KWANTI(_xlpm.src,($O$6&", "&$AD$3)),_xlpm.c,KWMIN(_xlpm.src,"Critical Wounds"),MIN(_xlpm.a,IF(ISNUMBER(_xlpm.c),MEDIAN(2,6,_xlpm.c),6))))} -> 6 | AO6: =IF($C6="","",IF($AA6,0,_xlfn.LET(_xlpm.psy,$AM6,_xlpm.dmg,-($G$3="Yes"),_xlpm.am,$AS6,_xlpm.tm,$AI$3,_xlpm.mods,IF(_xlpm.psy,MAX(0,_xlpm.am)+MAX(0,_xlpm.tm),_xlpm.dmg+_xlpm.am+_xlpm.tm),_xlpm.ws,MIN(6,MAX(2,$E6+IF(_xlpm.psy,MIN(0,$BB6),$BB6))),MEDIAN(2,6,_xlpm.ws-MAX(-1,MIN(1,_xlpm.mods)))))) -> 4 | AP6: =IF($C6="","",_xlfn.LET(_xlpm.s,MAX(1,$F6+$BA6),_xlpm.t,MAX(1,N($J$6)+$AF$3),_xlpm.base,7-(1+(_xlpm.s>=2*_xlpm.t)+(_xlpm.s>_xlpm.t)+(_xlpm.s>=_xlpm.t)+(_xlpm.s>_xlpm.t/2)),MEDIAN(2,6,_xlpm.base-MAX(-1,MIN(1,$AT6+$AF6*($E$3="Yes")+$AJ$3))))) -> 4 | AQ6: =IF($C6="","",_xlfn.LET(_xlpm.ap,MIN(0,$G6+$AU6+$AK$3),_xlpm.arm,$L$6-_xlpm.ap-$AG$3-$BD6,_xlpm.inv,IF(ISNUMBER($M$6),$M$6,7),MEDIAN(2,7,MIN(_xlpm.arm,_xlpm.inv)))) -> 4 | AR6: =IF(OR($C6="",N($K$6)<=0),"",ROUNDUP($K$6/MIN($V6,$K$6),0)/(($AA$3-1)/6)) -> 1 | AS6: {=IF($C6="","",KWSUM(($I6&", "&$AC$3),"Hit Modifier"))} -> 0 | AT6: {=IF($C6="","",KWSUM(($I6&", "&$AC$3),"Wound Modifier"))} -> 0 | AU6: {=IF($C6="","",KWSUM(($I6&", "&$AC$3),"AP Modifier"))} -> 0 | AV6: {=IF($C6="","",KWSUM(($I6&", "&$AC$3),"Damage Modifier"))} -> 0 | AW6: {=IF($C6="","",_xlfn.LET(_xlpm.src,$I6&", "&$AC$3,_xlpm.full,ISNUMBER(_xlfn.XMATCH("Reroll Hits",TRIM(_xlfn.TEXTSPLIT(_xlpm.src,",")))),_xlpm.r,KW(_xlpm.src,"Reroll Hits"),IF(_xlpm.full,2,IF(N(_xlpm.r)>=1,1,0))))} -> 0 | AX6: {=IF($C6="","",_xlfn.LET(_xlpm.src,$I6&", "&$AC$3,_xlpm.full,OR($AE6,ISNUMBER(_xlfn.XMATCH("Reroll Wounds",TRIM(_xlfn.TEXTSPLIT(_xlpm.src,","))))),_xlpm.r,KW(_xlpm.src,"Reroll Wounds"),IF(_xlpm.full,2,IF(N(_xlpm.r)>=1,1,0))))} -> 0 | AY6: =IF($C6="","",IF($AA6,0,_xlfn.LET(_xlpm.pc,(7-$BC6)/6,_xlpm.p,MAX((7-$AO6)/6,_xlpm.pc),IF($AW6=2,_xlpm.pc+(1-_xlpm.p)*_xlpm.pc,IF($AW6=1,_xlpm.pc+_xlpm.pc/6,_xlpm.pc))))) -> 0.16666667 | AZ6: {=IF($C6="","",KWSUM($I6&", "&$AC$3,"Attacks Modifier"))} -> 0 | BA6: {=IF($C6="","",KWSUM($I6&", "&$AC$3,"Strength Modifier"))} -> 0 | BB6: {=IF($C6="","",KWSUM($I6&", "&$AC$3,"WS Modifier"))} -> 0 | BC6: {=IF($C6="","",_xlfn.LET(_xlpm.c,KWMIN($I6&", "&$AC$3,"Critical Hits"),IF(ISNUMBER(_xlpm.c),MEDIAN(2,6,_xlpm.c),6)))} -> 6 | BD6: {=IF($C6="","",KWSUM($I6&", "&$AC$3,"Save Modifier"))} -> 0 | BF6: {=_xlfn.LET(_xlpm.k,_xlfn.XMATCH(TRIM($C$3),Factions[Faction]),_xlpm.blk,FACTIONBLOCK(_xlpm.k),_xlpm.unitFill,_xlfn.SCAN("",_xlfn.CHOOSECOLS(_xlpm.blk,1),_xlfn.LAMBDA(_xlpm.a,_xlpm.v,IF(_xlpm.v<>"",_xlpm.v,_xlpm.a))),IFERROR(_xlfn.UNIQUE(_xlfn._xlws.FILTER(_xlpm.unitFill,(_xlpm.unitFill<>"")*(_xlfn.CHOOSECOLS(_xlpm.blk,17)="Melee"))),"No melee units"))} -> Myphitic Blight Hauler | BH6: {=_xlfn.LET(_xlpm.n,_xlfn.CHOOSECOLS(AllTargets,1),_xlfn.UNIQUE(_xlfn._xlws.FILTER(_xlpm.n,_xlpm.n<>"")))} -> Myphitic Blight Hauler (DeathGuard)
A7: TRUE | B7: 1 | P7: {=IF(OR($C7="",NOT($A7)),"",N($B7)*(MAX(1,DICEAVG($D7)+$AZ7)+$AH7*FALSE+($AI7+$AJ7)*INT($F$3/5)))} | Q7: =IF(OR($C7="",NOT($A7)),"",IF($AA7,$P7,_xlfn.LET(_xlpm.p,MAX((7-$AO7)/6,(7-$BC7)/6),_xlpm.ph,IF($AW7=2,_xlpm.p+(1-_xlpm.p)*_xlpm.p,IF($AW7=1,_xlpm.p+_xlpm.p/6,_xlpm.p)),$P7*_xlpm.ph+$P7*$AY7*$AC7))) | R7: =IF(OR($C7="",NOT($A7)),"",IF(AND($AB7,NOT($AA7)),$P7*$AY7,0)) | S7: =IF(OR($C7="",NOT($A7)),"",_xlfn.LET(_xlpm.n,$Q7-$R7,_xlpm.pW,(7-$AP7)/6,_xlpm.pC,(7-$AN7)/6,_xlpm.pT,MAX(_xlpm.pW,_xlpm.pC),_xlpm.rr,$AX7,_xlpm.n*IF(_xlpm.rr=2,1-(1-_xlpm.pT)^2,IF(_xlpm.rr=1,_xlpm.pT+_xlpm.pT/6,_xlpm.pT))+$R7)) | T7: =IF(OR($C7="",NOT($A7)),"",IF($AD7,_xlfn.LET(_xlpm.n,$Q7-$R7,_xlpm.pW,(7-$AP7)/6,_xlpm.pC,(7-$AN7)/6,_xlpm.pT,MAX(_xlpm.pW,_xlpm.pC),_xlpm.rr,$AX7,_xlpm.n*IF(_xlpm.rr=2,_xlpm.pC+(1-_xlpm.pT)*_xlpm.pC,IF(_xlpm.rr=1,_xlpm.pC+_xlpm.pC/6,_xlpm.pC))),0)) | U7: =IF(OR($C7="",NOT($A7)),"",($S7-$T7)*($AQ7-1)/6) | V7: {=IF(OR($C7="",NOT($A7)),"",MAX(1,DICEAVG($H7)+$AK7*FALSE+$AV7+$AH$3))} | W7: =IF(OR($C7="",NOT($A7)),"",($U7+$T7)*IF(N($K$6)>0,MIN($V7,$K$6),$V7)*($AA$3-1)/6) | X7: =IF(OR($C7="",NOT($A7),$AR7=""),"",MIN($F$3,($U7+$T7)/$AR7)) | Y7: =IF(OR($C7="",NOT($A7)),"",TEXT($W7,"0.00")&" dmg"&IF($X7="","",", "&TEXT($X7,"0.00")&" kills")) | AA7: {=IF($C7="","",KW(($I7&", "&$AC$3),"Torrent")=TRUE)} | AB7: {=IF($C7="","",KW(($I7&", "&$AC$3),"Lethal Hits")=TRUE)} | AC7: {=IF($C7="","",N(KW(($I7&", "&$AC$3),"Sustained Hits")))} | AD7: {=IF($C7="","",KW(($I7&", "&$AC$3),"Devastating Wounds")=TRUE)} | AE7: {=IF($C7="","",KW(($I7&", "&$AC$3),"Twin-Linked")=TRUE)} | AF7: {=IF($C7="","",KW(($I7&", "&$AC$3),"Lance")=TRUE)} | AG7: {=IF($C7="","",KW(($I7&", "&$AC$3),"Heavy")=TRUE)} | AH7: {=IF($C7="","",N(KW(($I7&", "&$AC$3),"Rapid Fire")))} | AI7: {=IF($C7="","",N(KW(($I7&", "&$AC$3),"Blast")))} | AJ7: {=IF($C7="","",N(KW(($I7&", "&$AC$3),"Cleave")))} | AK7: {=IF($C7="","",N(KW(($I7&", "&$AC$3),"Melta")))} | AL7: {=IF($C7="","",KW(($I7&", "&$AC$3),"Ignores Cover")=TRUE)} | AM7: {=IF($C7="","",KW(($I7&", "&$AC$3),"Psychic")=TRUE)} | AN7: {=IF($C7="","",_xlfn.LET(_xlpm.src,$I7&", "&$AC$3,_xlpm.a,KWANTI(_xlpm.src,($O$6&", "&$AD$3)),_xlpm.c,KWMIN(_xlpm.src,"Critical Wounds"),MIN(_xlpm.a,IF(ISNUMBER(_xlpm.c),MEDIAN(2,6,_xlpm.c),6))))} | AO7: =IF($C7="","",IF($AA7,0,_xlfn.LET(_xlpm.psy,$AM7,_xlpm.dmg,-($G$3="Yes"),_xlpm.am,$AS7,_xlpm.tm,$AI$3,_xlpm.mods,IF(_xlpm.psy,MAX(0,_xlpm.am)+MAX(0,_xlpm.tm),_xlpm.dmg+_xlpm.am+_xlpm.tm),_xlpm.ws,MIN(6,MAX(2,$E7+IF(_xlpm.psy,MIN(0,$BB7),$BB7))),MEDIAN(2,6,_xlpm.ws-MAX(-1,MIN(1,_xlpm.mods)))))) | AP7: =IF($C7="","",_xlfn.LET(_xlpm.s,MAX(1,$F7+$BA7),_xlpm.t,MAX(1,N($J$6)+$AF$3),_xlpm.base,7-(1+(_xlpm.s>=2*_xlpm.t)+(_xlpm.s>_xlpm.t)+(_xlpm.s>=_xlpm.t)+(_xlpm.s>_xlpm.t/2)),MEDIAN(2,6,_xlpm.base-MAX(-1,MIN(1,$AT7+$AF7*($E$3="Yes")+$AJ$3))))) | AQ7: =IF($C7="","",_xlfn.LET(_xlpm.ap,MIN(0,$G7+$AU7+$AK$3),_xlpm.arm,$L$6-_xlpm.ap-$AG$3-$BD7,_xlpm.inv,IF(ISNUMBER($M$6),$M$6,7),MEDIAN(2,7,MIN(_xlpm.arm,_xlpm.inv)))) | AR7: =IF(OR($C7="",N($K$6)<=0),"",ROUNDUP($K$6/MIN($V7,$K$6),0)/(($AA$3-1)/6)) | AS7: {=IF($C7="","",KWSUM(($I7&", "&$AC$3),"Hit Modifier"))} | AT7: {=IF($C7="","",KWSUM(($I7&", "&$AC$3),"Wound Modifier"))} | AU7: {=IF($C7="","",KWSUM(($I7&", "&$AC$3),"AP Modifier"))} | AV7: {=IF($C7="","",KWSUM(($I7&", "&$AC$3),"Damage Modifier"))} | AW7: {=IF($C7="","",_xlfn.LET(_xlpm.src,$I7&", "&$AC$3,_xlpm.full,ISNUMBER(_xlfn.XMATCH("Reroll Hits",TRIM(_xlfn.TEXTSPLIT(_xlpm.src,",")))),_xlpm.r,KW(_xlpm.src,"Reroll Hits"),IF(_xlpm.full,2,IF(N(_xlpm.r)>=1,1,0))))} | AX7: {=IF($C7="","",_xlfn.LET(_xlpm.src,$I7&", "&$AC$3,_xlpm.full,OR($AE7,ISNUMBER(_xlfn.XMATCH("Reroll Wounds",TRIM(_xlfn.TEXTSPLIT(_xlpm.src,","))))),_xlpm.r,KW(_xlpm.src,"Reroll Wounds"),IF(_xlpm.full,2,IF(N(_xlpm.r)>=1,1,0))))} | AY7: =IF($C7="","",IF($AA7,0,_xlfn.LET(_xlpm.pc,(7-$BC7)/6,_xlpm.p,MAX((7-$AO7)/6,_xlpm.pc),IF($AW7=2,_xlpm.pc+(1-_xlpm.p)*_xlpm.pc,IF($AW7=1,_xlpm.pc+_xlpm.pc/6,_xlpm.pc))))) | AZ7: {=IF($C7="","",KWSUM($I7&", "&$AC$3,"Attacks Modifier"))} | BA7: {=IF($C7="","",KWSUM($I7&", "&$AC$3,"Strength Modifier"))} | BB7: {=IF($C7="","",KWSUM($I7&", "&$AC$3,"WS Modifier"))} | BC7: {=IF($C7="","",_xlfn.LET(_xlpm.c,KWMIN($I7&", "&$AC$3,"Critical Hits"),IF(ISNUMBER(_xlpm.c),MEDIAN(2,6,_xlpm.c),6)))} | BD7: {=IF($C7="","",KWSUM($I7&", "&$AC$3,"Save Modifier"))} | BF7: Plague Marines (Ranged) | BH7: Plague Marines (Ranged) (DeathGuard)
A8: TRUE | B8: 1 | P8: {=IF(OR($C8="",NOT($A8)),"",N($B8)*(MAX(1,DICEAVG($D8)+$AZ8)+$AH8*FALSE+($AI8+$AJ8)*INT($F$3/5)))} | Q8: =IF(OR($C8="",NOT($A8)),"",IF($AA8,$P8,_xlfn.LET(_xlpm.p,MAX((7-$AO8)/6,(7-$BC8)/6),_xlpm.ph,IF($AW8=2,_xlpm.p+(1-_xlpm.p)*_xlpm.p,IF($AW8=1,_xlpm.p+_xlpm.p/6,_xlpm.p)),$P8*_xlpm.ph+$P8*$AY8*$AC8))) | R8: =IF(OR($C8="",NOT($A8)),"",IF(AND($AB8,NOT($AA8)),$P8*$AY8,0)) | S8: =IF(OR($C8="",NOT($A8)),"",_xlfn.LET(_xlpm.n,$Q8-$R8,_xlpm.pW,(7-$AP8)/6,_xlpm.pC,(7-$AN8)/6,_xlpm.pT,MAX(_xlpm.pW,_xlpm.pC),_xlpm.rr,$AX8,_xlpm.n*IF(_xlpm.rr=2,1-(1-_xlpm.pT)^2,IF(_xlpm.rr=1,_xlpm.pT+_xlpm.pT/6,_xlpm.pT))+$R8)) | T8: =IF(OR($C8="",NOT($A8)),"",IF($AD8,_xlfn.LET(_xlpm.n,$Q8-$R8,_xlpm.pW,(7-$AP8)/6,_xlpm.pC,(7-$AN8)/6,_xlpm.pT,MAX(_xlpm.pW,_xlpm.pC),_xlpm.rr,$AX8,_xlpm.n*IF(_xlpm.rr=2,_xlpm.pC+(1-_xlpm.pT)*_xlpm.pC,IF(_xlpm.rr=1,_xlpm.pC+_xlpm.pC/6,_xlpm.pC))),0)) | U8: =IF(OR($C8="",NOT($A8)),"",($S8-$T8)*($AQ8-1)/6) | V8: {=IF(OR($C8="",NOT($A8)),"",MAX(1,DICEAVG($H8)+$AK8*FALSE+$AV8+$AH$3))} | W8: =IF(OR($C8="",NOT($A8)),"",($U8+$T8)*IF(N($K$6)>0,MIN($V8,$K$6),$V8)*($AA$3-1)/6) | X8: =IF(OR($C8="",NOT($A8),$AR8=""),"",MIN($F$3,($U8+$T8)/$AR8)) | Y8: =IF(OR($C8="",NOT($A8)),"",TEXT($W8,"0.00")&" dmg"&IF($X8="","",", "&TEXT($X8,"0.00")&" kills")) | AA8: {=IF($C8="","",KW(($I8&", "&$AC$3),"Torrent")=TRUE)} | AB8: {=IF($C8="","",KW(($I8&", "&$AC$3),"Lethal Hits")=TRUE)} | AC8: {=IF($C8="","",N(KW(($I8&", "&$AC$3),"Sustained Hits")))} | AD8: {=IF($C8="","",KW(($I8&", "&$AC$3),"Devastating Wounds")=TRUE)} | AE8: {=IF($C8="","",KW(($I8&", "&$AC$3),"Twin-Linked")=TRUE)} | AF8: {=IF($C8="","",KW(($I8&", "&$AC$3),"Lance")=TRUE)} | AG8: {=IF($C8="","",KW(($I8&", "&$AC$3),"Heavy")=TRUE)} | AH8: {=IF($C8="","",N(KW(($I8&", "&$AC$3),"Rapid Fire")))} | AI8: {=IF($C8="","",N(KW(($I8&", "&$AC$3),"Blast")))} | AJ8: {=IF($C8="","",N(KW(($I8&", "&$AC$3),"Cleave")))} | AK8: {=IF($C8="","",N(KW(($I8&", "&$AC$3),"Melta")))} | AL8: {=IF($C8="","",KW(($I8&", "&$AC$3),"Ignores Cover")=TRUE)} | AM8: {=IF($C8="","",KW(($I8&", "&$AC$3),"Psychic")=TRUE)} | AN8: {=IF($C8="","",_xlfn.LET(_xlpm.src,$I8&", "&$AC$3,_xlpm.a,KWANTI(_xlpm.src,($O$6&", "&$AD$3)),_xlpm.c,KWMIN(_xlpm.src,"Critical Wounds"),MIN(_xlpm.a,IF(ISNUMBER(_xlpm.c),MEDIAN(2,6,_xlpm.c),6))))} | AO8: =IF($C8="","",IF($AA8,0,_xlfn.LET(_xlpm.psy,$AM8,_xlpm.dmg,-($G$3="Yes"),_xlpm.am,$AS8,_xlpm.tm,$AI$3,_xlpm.mods,IF(_xlpm.psy,MAX(0,_xlpm.am)+MAX(0,_xlpm.tm),_xlpm.dmg+_xlpm.am+_xlpm.tm),_xlpm.ws,MIN(6,MAX(2,$E8+IF(_xlpm.psy,MIN(0,$BB8),$BB8))),MEDIAN(2,6,_xlpm.ws-MAX(-1,MIN(1,_xlpm.mods)))))) | AP8: =IF($C8="","",_xlfn.LET(_xlpm.s,MAX(1,$F8+$BA8),_xlpm.t,MAX(1,N($J$6)+$AF$3),_xlpm.base,7-(1+(_xlpm.s>=2*_xlpm.t)+(_xlpm.s>_xlpm.t)+(_xlpm.s>=_xlpm.t)+(_xlpm.s>_xlpm.t/2)),MEDIAN(2,6,_xlpm.base-MAX(-1,MIN(1,$AT8+$AF8*($E$3="Yes")+$AJ$3))))) | AQ8: =IF($C8="","",_xlfn.LET(_xlpm.ap,MIN(0,$G8+$AU8+$AK$3),_xlpm.arm,$L$6-_xlpm.ap-$AG$3-$BD8,_xlpm.inv,IF(ISNUMBER($M$6),$M$6,7),MEDIAN(2,7,MIN(_xlpm.arm,_xlpm.inv)))) | AR8: =IF(OR($C8="",N($K$6)<=0),"",ROUNDUP($K$6/MIN($V8,$K$6),0)/(($AA$3-1)/6)) | AS8: {=IF($C8="","",KWSUM(($I8&", "&$AC$3),"Hit Modifier"))} | AT8: {=IF($C8="","",KWSUM(($I8&", "&$AC$3),"Wound Modifier"))} | AU8: {=IF($C8="","",KWSUM(($I8&", "&$AC$3),"AP Modifier"))} | AV8: {=IF($C8="","",KWSUM(($I8&", "&$AC$3),"Damage Modifier"))} | AW8: {=IF($C8="","",_xlfn.LET(_xlpm.src,$I8&", "&$AC$3,_xlpm.full,ISNUMBER(_xlfn.XMATCH("Reroll Hits",TRIM(_xlfn.TEXTSPLIT(_xlpm.src,",")))),_xlpm.r,KW(_xlpm.src,"Reroll Hits"),IF(_xlpm.full,2,IF(N(_xlpm.r)>=1,1,0))))} | AX8: {=IF($C8="","",_xlfn.LET(_xlpm.src,$I8&", "&$AC$3,_xlpm.full,OR($AE8,ISNUMBER(_xlfn.XMATCH("Reroll Wounds",TRIM(_xlfn.TEXTSPLIT(_xlpm.src,","))))),_xlpm.r,KW(_xlpm.src,"Reroll Wounds"),IF(_xlpm.full,2,IF(N(_xlpm.r)>=1,1,0))))} | AY8: =IF($C8="","",IF($AA8,0,_xlfn.LET(_xlpm.pc,(7-$BC8)/6,_xlpm.p,MAX((7-$AO8)/6,_xlpm.pc),IF($AW8=2,_xlpm.pc+(1-_xlpm.p)*_xlpm.pc,IF($AW8=1,_xlpm.pc+_xlpm.pc/6,_xlpm.pc))))) | AZ8: {=IF($C8="","",KWSUM($I8&", "&$AC$3,"Attacks Modifier"))} | BA8: {=IF($C8="","",KWSUM($I8&", "&$AC$3,"Strength Modifier"))} | BB8: {=IF($C8="","",KWSUM($I8&", "&$AC$3,"WS Modifier"))} | BC8: {=IF($C8="","",_xlfn.LET(_xlpm.c,KWMIN($I8&", "&$AC$3,"Critical Hits"),IF(ISNUMBER(_xlpm.c),MEDIAN(2,6,_xlpm.c),6)))} | BD8: {=IF($C8="","",KWSUM($I8&", "&$AC$3,"Save Modifier"))} | BF8: Deathshroud Terminators | BH8: Deathshroud Terminators (DeathGuard)
A9: TRUE | B9: 1 | P9: {=IF(OR($C9="",NOT($A9)),"",N($B9)*(MAX(1,DICEAVG($D9)+$AZ9)+$AH9*FALSE+($AI9+$AJ9)*INT($F$3/5)))} | Q9: =IF(OR($C9="",NOT($A9)),"",IF($AA9,$P9,_xlfn.LET(_xlpm.p,MAX((7-$AO9)/6,(7-$BC9)/6),_xlpm.ph,IF($AW9=2,_xlpm.p+(1-_xlpm.p)*_xlpm.p,IF($AW9=1,_xlpm.p+_xlpm.p/6,_xlpm.p)),$P9*_xlpm.ph+$P9*$AY9*$AC9))) | R9: =IF(OR($C9="",NOT($A9)),"",IF(AND($AB9,NOT($AA9)),$P9*$AY9,0)) | S9: =IF(OR($C9="",NOT($A9)),"",_xlfn.LET(_xlpm.n,$Q9-$R9,_xlpm.pW,(7-$AP9)/6,_xlpm.pC,(7-$AN9)/6,_xlpm.pT,MAX(_xlpm.pW,_xlpm.pC),_xlpm.rr,$AX9,_xlpm.n*IF(_xlpm.rr=2,1-(1-_xlpm.pT)^2,IF(_xlpm.rr=1,_xlpm.pT+_xlpm.pT/6,_xlpm.pT))+$R9)) | T9: =IF(OR($C9="",NOT($A9)),"",IF($AD9,_xlfn.LET(_xlpm.n,$Q9-$R9,_xlpm.pW,(7-$AP9)/6,_xlpm.pC,(7-$AN9)/6,_xlpm.pT,MAX(_xlpm.pW,_xlpm.pC),_xlpm.rr,$AX9,_xlpm.n*IF(_xlpm.rr=2,_xlpm.pC+(1-_xlpm.pT)*_xlpm.pC,IF(_xlpm.rr=1,_xlpm.pC+_xlpm.pC/6,_xlpm.pC))),0)) | U9: =IF(OR($C9="",NOT($A9)),"",($S9-$T9)*($AQ9-1)/6) | V9: {=IF(OR($C9="",NOT($A9)),"",MAX(1,DICEAVG($H9)+$AK9*FALSE+$AV9+$AH$3))} | W9: =IF(OR($C9="",NOT($A9)),"",($U9+$T9)*IF(N($K$6)>0,MIN($V9,$K$6),$V9)*($AA$3-1)/6) | X9: =IF(OR($C9="",NOT($A9),$AR9=""),"",MIN($F$3,($U9+$T9)/$AR9)) | Y9: =IF(OR($C9="",NOT($A9)),"",TEXT($W9,"0.00")&" dmg"&IF($X9="","",", "&TEXT($X9,"0.00")&" kills")) | AA9: {=IF($C9="","",KW(($I9&", "&$AC$3),"Torrent")=TRUE)} | AB9: {=IF($C9="","",KW(($I9&", "&$AC$3),"Lethal Hits")=TRUE)} | AC9: {=IF($C9="","",N(KW(($I9&", "&$AC$3),"Sustained Hits")))} | AD9: {=IF($C9="","",KW(($I9&", "&$AC$3),"Devastating Wounds")=TRUE)} | AE9: {=IF($C9="","",KW(($I9&", "&$AC$3),"Twin-Linked")=TRUE)} | AF9: {=IF($C9="","",KW(($I9&", "&$AC$3),"Lance")=TRUE)} | AG9: {=IF($C9="","",KW(($I9&", "&$AC$3),"Heavy")=TRUE)} | AH9: {=IF($C9="","",N(KW(($I9&", "&$AC$3),"Rapid Fire")))} | AI9: {=IF($C9="","",N(KW(($I9&", "&$AC$3),"Blast")))} | AJ9: {=IF($C9="","",N(KW(($I9&", "&$AC$3),"Cleave")))} | AK9: {=IF($C9="","",N(KW(($I9&", "&$AC$3),"Melta")))} | AL9: {=IF($C9="","",KW(($I9&", "&$AC$3),"Ignores Cover")=TRUE)} | AM9: {=IF($C9="","",KW(($I9&", "&$AC$3),"Psychic")=TRUE)} | AN9: {=IF($C9="","",_xlfn.LET(_xlpm.src,$I9&", "&$AC$3,_xlpm.a,KWANTI(_xlpm.src,($O$6&", "&$AD$3)),_xlpm.c,KWMIN(_xlpm.src,"Critical Wounds"),MIN(_xlpm.a,IF(ISNUMBER(_xlpm.c),MEDIAN(2,6,_xlpm.c),6))))} | AO9: =IF($C9="","",IF($AA9,0,_xlfn.LET(_xlpm.psy,$AM9,_xlpm.dmg,-($G$3="Yes"),_xlpm.am,$AS9,_xlpm.tm,$AI$3,_xlpm.mods,IF(_xlpm.psy,MAX(0,_xlpm.am)+MAX(0,_xlpm.tm),_xlpm.dmg+_xlpm.am+_xlpm.tm),_xlpm.ws,MIN(6,MAX(2,$E9+IF(_xlpm.psy,MIN(0,$BB9),$BB9))),MEDIAN(2,6,_xlpm.ws-MAX(-1,MIN(1,_xlpm.mods)))))) | AP9: =IF($C9="","",_xlfn.LET(_xlpm.s,MAX(1,$F9+$BA9),_xlpm.t,MAX(1,N($J$6)+$AF$3),_xlpm.base,7-(1+(_xlpm.s>=2*_xlpm.t)+(_xlpm.s>_xlpm.t)+(_xlpm.s>=_xlpm.t)+(_xlpm.s>_xlpm.t/2)),MEDIAN(2,6,_xlpm.base-MAX(-1,MIN(1,$AT9+$AF9*($E$3="Yes")+$AJ$3))))) | AQ9: =IF($C9="","",_xlfn.LET(_xlpm.ap,MIN(0,$G9+$AU9+$AK$3),_xlpm.arm,$L$6-_xlpm.ap-$AG$3-$BD9,_xlpm.inv,IF(ISNUMBER($M$6),$M$6,7),MEDIAN(2,7,MIN(_xlpm.arm,_xlpm.inv)))) | AR9: =IF(OR($C9="",N($K$6)<=0),"",ROUNDUP($K$6/MIN($V9,$K$6),0)/(($AA$3-1)/6)) | AS9: {=IF($C9="","",KWSUM(($I9&", "&$AC$3),"Hit Modifier"))} | AT9: {=IF($C9="","",KWSUM(($I9&", "&$AC$3),"Wound Modifier"))} | AU9: {=IF($C9="","",KWSUM(($I9&", "&$AC$3),"AP Modifier"))} | AV9: {=IF($C9="","",KWSUM(($I9&", "&$AC$3),"Damage Modifier"))} | AW9: {=IF($C9="","",_xlfn.LET(_xlpm.src,$I9&", "&$AC$3,_xlpm.full,ISNUMBER(_xlfn.XMATCH("Reroll Hits",TRIM(_xlfn.TEXTSPLIT(_xlpm.src,",")))),_xlpm.r,KW(_xlpm.src,"Reroll Hits"),IF(_xlpm.full,2,IF(N(_xlpm.r)>=1,1,0))))} | AX9: {=IF($C9="","",_xlfn.LET(_xlpm.src,$I9&", "&$AC$3,_xlpm.full,OR($AE9,ISNUMBER(_xlfn.XMATCH("Reroll Wounds",TRIM(_xlfn.TEXTSPLIT(_xlpm.src,","))))),_xlpm.r,KW(_xlpm.src,"Reroll Wounds"),IF(_xlpm.full,2,IF(N(_xlpm.r)>=1,1,0))))} | AY9: =IF($C9="","",IF($AA9,0,_xlfn.LET(_xlpm.pc,(7-$BC9)/6,_xlpm.p,MAX((7-$AO9)/6,_xlpm.pc),IF($AW9=2,_xlpm.pc+(1-_xlpm.p)*_xlpm.pc,IF($AW9=1,_xlpm.pc+_xlpm.pc/6,_xlpm.pc))))) | AZ9: {=IF($C9="","",KWSUM($I9&", "&$AC$3,"Attacks Modifier"))} | BA9: {=IF($C9="","",KWSUM($I9&", "&$AC$3,"Strength Modifier"))} | BB9: {=IF($C9="","",KWSUM($I9&", "&$AC$3,"WS Modifier"))} | BC9: {=IF($C9="","",_xlfn.LET(_xlpm.c,KWMIN($I9&", "&$AC$3,"Critical Hits"),IF(ISNUMBER(_xlpm.c),MEDIAN(2,6,_xlpm.c),6)))} | BD9: {=IF($C9="","",KWSUM($I9&", "&$AC$3,"Save Modifier"))} | BF9: Lord of Contagion | BH9: Lord of Contagion (DeathGuard)
A10: TRUE | B10: 1 | P10: {=IF(OR($C10="",NOT($A10)),"",N($B10)*(MAX(1,DICEAVG($D10)+$AZ10)+$AH10*FALSE+($AI10+$AJ10)*INT($F$3/5)))} | Q10: =IF(OR($C10="",NOT($A10)),"",IF($AA10,$P10,_xlfn.LET(_xlpm.p,MAX((7-$AO10)/6,(7-$BC10)/6),_xlpm.ph,IF($AW10=2,_xlpm.p+(1-_xlpm.p)*_xlpm.p,IF($AW10=1,_xlpm.p+_xlpm.p/6,_xlpm.p)),$P10*_xlpm.ph+$P10*$AY10*$AC10))) | R10: =IF(OR($C10="",NOT($A10)),"",IF(AND($AB10,NOT($AA10)),$P10*$AY10,0)) | S10: =IF(OR($C10="",NOT($A10)),"",_xlfn.LET(_xlpm.n,$Q10-$R10,_xlpm.pW,(7-$AP10)/6,_xlpm.pC,(7-$AN10)/6,_xlpm.pT,MAX(_xlpm.pW,_xlpm.pC),_xlpm.rr,$AX10,_xlpm.n*IF(_xlpm.rr=2,1-(1-_xlpm.pT)^2,IF(_xlpm.rr=1,_xlpm.pT+_xlpm.pT/6,_xlpm.pT))+$R10)) | T10: =IF(OR($C10="",NOT($A10)),"",IF($AD10,_xlfn.LET(_xlpm.n,$Q10-$R10,_xlpm.pW,(7-$AP10)/6,_xlpm.pC,(7-$AN10)/6,_xlpm.pT,MAX(_xlpm.pW,_xlpm.pC),_xlpm.rr,$AX10,_xlpm.n*IF(_xlpm.rr=2,_xlpm.pC+(1-_xlpm.pT)*_xlpm.pC,IF(_xlpm.rr=1,_xlpm.pC+_xlpm.pC/6,_xlpm.pC))),0)) | U10: =IF(OR($C10="",NOT($A10)),"",($S10-$T10)*($AQ10-1)/6) | V10: {=IF(OR($C10="",NOT($A10)),"",MAX(1,DICEAVG($H10)+$AK10*FALSE+$AV10+$AH$3))} | W10: =IF(OR($C10="",NOT($A10)),"",($U10+$T10)*IF(N($K$6)>0,MIN($V10,$K$6),$V10)*($AA$3-1)/6) | X10: =IF(OR($C10="",NOT($A10),$AR10=""),"",MIN($F$3,($U10+$T10)/$AR10)) | Y10: =IF(OR($C10="",NOT($A10)),"",TEXT($W10,"0.00")&" dmg"&IF($X10="","",", "&TEXT($X10,"0.00")&" kills")) | AA10: {=IF($C10="","",KW(($I10&", "&$AC$3),"Torrent")=TRUE)} | AB10: {=IF($C10="","",KW(($I10&", "&$AC$3),"Lethal Hits")=TRUE)} | AC10: {=IF($C10="","",N(KW(($I10&", "&$AC$3),"Sustained Hits")))} | AD10: {=IF($C10="","",KW(($I10&", "&$AC$3),"Devastating Wounds")=TRUE)} | AE10: {=IF($C10="","",KW(($I10&", "&$AC$3),"Twin-Linked")=TRUE)} | AF10: {=IF($C10="","",KW(($I10&", "&$AC$3),"Lance")=TRUE)} | AG10: {=IF($C10="","",KW(($I10&", "&$AC$3),"Heavy")=TRUE)} | AH10: {=IF($C10="","",N(KW(($I10&", "&$AC$3),"Rapid Fire")))} | AI10: {=IF($C10="","",N(KW(($I10&", "&$AC$3),"Blast")))} | AJ10: {=IF($C10="","",N(KW(($I10&", "&$AC$3),"Cleave")))} | AK10: {=IF($C10="","",N(KW(($I10&", "&$AC$3),"Melta")))} | AL10: {=IF($C10="","",KW(($I10&", "&$AC$3),"Ignores Cover")=TRUE)} | AM10: {=IF($C10="","",KW(($I10&", "&$AC$3),"Psychic")=TRUE)} | AN10: {=IF($C10="","",_xlfn.LET(_xlpm.src,$I10&", "&$AC$3,_xlpm.a,KWANTI(_xlpm.src,($O$6&", "&$AD$3)),_xlpm.c,KWMIN(_xlpm.src,"Critical Wounds"),MIN(_xlpm.a,IF(ISNUMBER(_xlpm.c),MEDIAN(2,6,_xlpm.c),6))))} | AO10: =IF($C10="","",IF($AA10,0,_xlfn.LET(_xlpm.psy,$AM10,_xlpm.dmg,-($G$3="Yes"),_xlpm.am,$AS10,_xlpm.tm,$AI$3,_xlpm.mods,IF(_xlpm.psy,MAX(0,_xlpm.am)+MAX(0,_xlpm.tm),_xlpm.dmg+_xlpm.am+_xlpm.tm),_xlpm.ws,MIN(6,MAX(2,$E10+IF(_xlpm.psy,MIN(0,$BB10),$BB10))),MEDIAN(2,6,_xlpm.ws-MAX(-1,MIN(1,_xlpm.mods)))))) | AP10: =IF($C10="","",_xlfn.LET(_xlpm.s,MAX(1,$F10+$BA10),_xlpm.t,MAX(1,N($J$6)+$AF$3),_xlpm.base,7-(1+(_xlpm.s>=2*_xlpm.t)+(_xlpm.s>_xlpm.t)+(_xlpm.s>=_xlpm.t)+(_xlpm.s>_xlpm.t/2)),MEDIAN(2,6,_xlpm.base-MAX(-1,MIN(1,$AT10+$AF10*($E$3="Yes")+$AJ$3))))) | AQ10: =IF($C10="","",_xlfn.LET(_xlpm.ap,MIN(0,$G10+$AU10+$AK$3),_xlpm.arm,$L$6-_xlpm.ap-$AG$3-$BD10,_xlpm.inv,IF(ISNUMBER($M$6),$M$6,7),MEDIAN(2,7,MIN(_xlpm.arm,_xlpm.inv)))) | AR10: =IF(OR($C10="",N($K$6)<=0),"",ROUNDUP($K$6/MIN($V10,$K$6),0)/(($AA$3-1)/6)) | AS10: {=IF($C10="","",KWSUM(($I10&", "&$AC$3),"Hit Modifier"))} | AT10: {=IF($C10="","",KWSUM(($I10&", "&$AC$3),"Wound Modifier"))} | AU10: {=IF($C10="","",KWSUM(($I10&", "&$AC$3),"AP Modifier"))} | AV10: {=IF($C10="","",KWSUM(($I10&", "&$AC$3),"Damage Modifier"))} | AW10: {=IF($C10="","",_xlfn.LET(_xlpm.src,$I10&", "&$AC$3,_xlpm.full,ISNUMBER(_xlfn.XMATCH("Reroll Hits",TRIM(_xlfn.TEXTSPLIT(_xlpm.src,",")))),_xlpm.r,KW(_xlpm.src,"Reroll Hits"),IF(_xlpm.full,2,IF(N(_xlpm.r)>=1,1,0))))} | AX10: {=IF($C10="","",_xlfn.LET(_xlpm.src,$I10&", "&$AC$3,_xlpm.full,OR($AE10,ISNUMBER(_xlfn.XMATCH("Reroll Wounds",TRIM(_xlfn.TEXTSPLIT(_xlpm.src,","))))),_xlpm.r,KW(_xlpm.src,"Reroll Wounds"),IF(_xlpm.full,2,IF(N(_xlpm.r)>=1,1,0))))} | AY10: =IF($C10="","",IF($AA10,0,_xlfn.LET(_xlpm.pc,(7-$BC10)/6,_xlpm.p,MAX((7-$AO10)/6,_xlpm.pc),IF($AW10=2,_xlpm.pc+(1-_xlpm.p)*_xlpm.pc,IF($AW10=1,_xlpm.pc+_xlpm.pc/6,_xlpm.pc))))) | AZ10: {=IF($C10="","",KWSUM($I10&", "&$AC$3,"Attacks Modifier"))} | BA10: {=IF($C10="","",KWSUM($I10&", "&$AC$3,"Strength Modifier"))} | BB10: {=IF($C10="","",KWSUM($I10&", "&$AC$3,"WS Modifier"))} | BC10: {=IF($C10="","",_xlfn.LET(_xlpm.c,KWMIN($I10&", "&$AC$3,"Critical Hits"),IF(ISNUMBER(_xlpm.c),MEDIAN(2,6,_xlpm.c),6)))} | BD10: {=IF($C10="","",KWSUM($I10&", "&$AC$3,"Save Modifier"))} | BF10: Lord of Poxes | BH10: Lord of Poxes (DeathGuard)
A11: TRUE | B11: 1 | P11: {=IF(OR($C11="",NOT($A11)),"",N($B11)*(MAX(1,DICEAVG($D11)+$AZ11)+$AH11*FALSE+($AI11+$AJ11)*INT($F$3/5)))} | Q11: =IF(OR($C11="",NOT($A11)),"",IF($AA11,$P11,_xlfn.LET(_xlpm.p,MAX((7-$AO11)/6,(7-$BC11)/6),_xlpm.ph,IF($AW11=2,_xlpm.p+(1-_xlpm.p)*_xlpm.p,IF($AW11=1,_xlpm.p+_xlpm.p/6,_xlpm.p)),$P11*_xlpm.ph+$P11*$AY11*$AC11))) | R11: =IF(OR($C11="",NOT($A11)),"",IF(AND($AB11,NOT($AA11)),$P11*$AY11,0)) | S11: =IF(OR($C11="",NOT($A11)),"",_xlfn.LET(_xlpm.n,$Q11-$R11,_xlpm.pW,(7-$AP11)/6,_xlpm.pC,(7-$AN11)/6,_xlpm.pT,MAX(_xlpm.pW,_xlpm.pC),_xlpm.rr,$AX11,_xlpm.n*IF(_xlpm.rr=2,1-(1-_xlpm.pT)^2,IF(_xlpm.rr=1,_xlpm.pT+_xlpm.pT/6,_xlpm.pT))+$R11)) | T11: =IF(OR($C11="",NOT($A11)),"",IF($AD11,_xlfn.LET(_xlpm.n,$Q11-$R11,_xlpm.pW,(7-$AP11)/6,_xlpm.pC,(7-$AN11)/6,_xlpm.pT,MAX(_xlpm.pW,_xlpm.pC),_xlpm.rr,$AX11,_xlpm.n*IF(_xlpm.rr=2,_xlpm.pC+(1-_xlpm.pT)*_xlpm.pC,IF(_xlpm.rr=1,_xlpm.pC+_xlpm.pC/6,_xlpm.pC))),0)) | U11: =IF(OR($C11="",NOT($A11)),"",($S11-$T11)*($AQ11-1)/6) | V11: {=IF(OR($C11="",NOT($A11)),"",MAX(1,DICEAVG($H11)+$AK11*FALSE+$AV11+$AH$3))} | W11: =IF(OR($C11="",NOT($A11)),"",($U11+$T11)*IF(N($K$6)>0,MIN($V11,$K$6),$V11)*($AA$3-1)/6) | X11: =IF(OR($C11="",NOT($A11),$AR11=""),"",MIN($F$3,($U11+$T11)/$AR11)) | Y11: =IF(OR($C11="",NOT($A11)),"",TEXT($W11,"0.00")&" dmg"&IF($X11="","",", "&TEXT($X11,"0.00")&" kills")) | AA11: {=IF($C11="","",KW(($I11&", "&$AC$3),"Torrent")=TRUE)} | AB11: {=IF($C11="","",KW(($I11&", "&$AC$3),"Lethal Hits")=TRUE)} | AC11: {=IF($C11="","",N(KW(($I11&", "&$AC$3),"Sustained Hits")))} | AD11: {=IF($C11="","",KW(($I11&", "&$AC$3),"Devastating Wounds")=TRUE)} | AE11: {=IF($C11="","",KW(($I11&", "&$AC$3),"Twin-Linked")=TRUE)} | AF11: {=IF($C11="","",KW(($I11&", "&$AC$3),"Lance")=TRUE)} | AG11: {=IF($C11="","",KW(($I11&", "&$AC$3),"Heavy")=TRUE)} | AH11: {=IF($C11="","",N(KW(($I11&", "&$AC$3),"Rapid Fire")))} | AI11: {=IF($C11="","",N(KW(($I11&", "&$AC$3),"Blast")))} | AJ11: {=IF($C11="","",N(KW(($I11&", "&$AC$3),"Cleave")))} | AK11: {=IF($C11="","",N(KW(($I11&", "&$AC$3),"Melta")))} | AL11: {=IF($C11="","",KW(($I11&", "&$AC$3),"Ignores Cover")=TRUE)} | AM11: {=IF($C11="","",KW(($I11&", "&$AC$3),"Psychic")=TRUE)} | AN11: {=IF($C11="","",_xlfn.LET(_xlpm.src,$I11&", "&$AC$3,_xlpm.a,KWANTI(_xlpm.src,($O$6&", "&$AD$3)),_xlpm.c,KWMIN(_xlpm.src,"Critical Wounds"),MIN(_xlpm.a,IF(ISNUMBER(_xlpm.c),MEDIAN(2,6,_xlpm.c),6))))} | AO11: =IF($C11="","",IF($AA11,0,_xlfn.LET(_xlpm.psy,$AM11,_xlpm.dmg,-($G$3="Yes"),_xlpm.am,$AS11,_xlpm.tm,$AI$3,_xlpm.mods,IF(_xlpm.psy,MAX(0,_xlpm.am)+MAX(0,_xlpm.tm),_xlpm.dmg+_xlpm.am+_xlpm.tm),_xlpm.ws,MIN(6,MAX(2,$E11+IF(_xlpm.psy,MIN(0,$BB11),$BB11))),MEDIAN(2,6,_xlpm.ws-MAX(-1,MIN(1,_xlpm.mods)))))) | AP11: =IF($C11="","",_xlfn.LET(_xlpm.s,MAX(1,$F11+$BA11),_xlpm.t,MAX(1,N($J$6)+$AF$3),_xlpm.base,7-(1+(_xlpm.s>=2*_xlpm.t)+(_xlpm.s>_xlpm.t)+(_xlpm.s>=_xlpm.t)+(_xlpm.s>_xlpm.t/2)),MEDIAN(2,6,_xlpm.base-MAX(-1,MIN(1,$AT11+$AF11*($E$3="Yes")+$AJ$3))))) | AQ11: =IF($C11="","",_xlfn.LET(_xlpm.ap,MIN(0,$G11+$AU11+$AK$3),_xlpm.arm,$L$6-_xlpm.ap-$AG$3-$BD11,_xlpm.inv,IF(ISNUMBER($M$6),$M$6,7),MEDIAN(2,7,MIN(_xlpm.arm,_xlpm.inv)))) | AR11: =IF(OR($C11="",N($K$6)<=0),"",ROUNDUP($K$6/MIN($V11,$K$6),0)/(($AA$3-1)/6)) | AS11: {=IF($C11="","",KWSUM(($I11&", "&$AC$3),"Hit Modifier"))} | AT11: {=IF($C11="","",KWSUM(($I11&", "&$AC$3),"Wound Modifier"))} | AU11: {=IF($C11="","",KWSUM(($I11&", "&$AC$3),"AP Modifier"))} | AV11: {=IF($C11="","",KWSUM(($I11&", "&$AC$3),"Damage Modifier"))} | AW11: {=IF($C11="","",_xlfn.LET(_xlpm.src,$I11&", "&$AC$3,_xlpm.full,ISNUMBER(_xlfn.XMATCH("Reroll Hits",TRIM(_xlfn.TEXTSPLIT(_xlpm.src,",")))),_xlpm.r,KW(_xlpm.src,"Reroll Hits"),IF(_xlpm.full,2,IF(N(_xlpm.r)>=1,1,0))))} | AX11: {=IF($C11="","",_xlfn.LET(_xlpm.src,$I11&", "&$AC$3,_xlpm.full,OR($AE11,ISNUMBER(_xlfn.XMATCH("Reroll Wounds",TRIM(_xlfn.TEXTSPLIT(_xlpm.src,","))))),_xlpm.r,KW(_xlpm.src,"Reroll Wounds"),IF(_xlpm.full,2,IF(N(_xlpm.r)>=1,1,0))))} | AY11: =IF($C11="","",IF($AA11,0,_xlfn.LET(_xlpm.pc,(7-$BC11)/6,_xlpm.p,MAX((7-$AO11)/6,_xlpm.pc),IF($AW11=2,_xlpm.pc+(1-_xlpm.p)*_xlpm.pc,IF($AW11=1,_xlpm.pc+_xlpm.pc/6,_xlpm.pc))))) | AZ11: {=IF($C11="","",KWSUM($I11&", "&$AC$3,"Attacks Modifier"))} | BA11: {=IF($C11="","",KWSUM($I11&", "&$AC$3,"Strength Modifier"))} | BB11: {=IF($C11="","",KWSUM($I11&", "&$AC$3,"WS Modifier"))} | BC11: {=IF($C11="","",_xlfn.LET(_xlpm.c,KWMIN($I11&", "&$AC$3,"Critical Hits"),IF(ISNUMBER(_xlpm.c),MEDIAN(2,6,_xlpm.c),6)))} | BD11: {=IF($C11="","",KWSUM($I11&", "&$AC$3,"Save Modifier"))} | BF11: Tallyman | BH11: Tallyman (DeathGuard)
A12: TRUE | B12: 1 | P12: {=IF(OR($C12="",NOT($A12)),"",N($B12)*(MAX(1,DICEAVG($D12)+$AZ12)+$AH12*FALSE+($AI12+$AJ12)*INT($F$3/5)))} | Q12: =IF(OR($C12="",NOT($A12)),"",IF($AA12,$P12,_xlfn.LET(_xlpm.p,MAX((7-$AO12)/6,(7-$BC12)/6),_xlpm.ph,IF($AW12=2,_xlpm.p+(1-_xlpm.p)*_xlpm.p,IF($AW12=1,_xlpm.p+_xlpm.p/6,_xlpm.p)),$P12*_xlpm.ph+$P12*$AY12*$AC12))) | R12: =IF(OR($C12="",NOT($A12)),"",IF(AND($AB12,NOT($AA12)),$P12*$AY12,0)) | S12: =IF(OR($C12="",NOT($A12)),"",_xlfn.LET(_xlpm.n,$Q12-$R12,_xlpm.pW,(7-$AP12)/6,_xlpm.pC,(7-$AN12)/6,_xlpm.pT,MAX(_xlpm.pW,_xlpm.pC),_xlpm.rr,$AX12,_xlpm.n*IF(_xlpm.rr=2,1-(1-_xlpm.pT)^2,IF(_xlpm.rr=1,_xlpm.pT+_xlpm.pT/6,_xlpm.pT))+$R12)) | T12: =IF(OR($C12="",NOT($A12)),"",IF($AD12,_xlfn.LET(_xlpm.n,$Q12-$R12,_xlpm.pW,(7-$AP12)/6,_xlpm.pC,(7-$AN12)/6,_xlpm.pT,MAX(_xlpm.pW,_xlpm.pC),_xlpm.rr,$AX12,_xlpm.n*IF(_xlpm.rr=2,_xlpm.pC+(1-_xlpm.pT)*_xlpm.pC,IF(_xlpm.rr=1,_xlpm.pC+_xlpm.pC/6,_xlpm.pC))),0)) | U12: =IF(OR($C12="",NOT($A12)),"",($S12-$T12)*($AQ12-1)/6) | V12: {=IF(OR($C12="",NOT($A12)),"",MAX(1,DICEAVG($H12)+$AK12*FALSE+$AV12+$AH$3))} | W12: =IF(OR($C12="",NOT($A12)),"",($U12+$T12)*IF(N($K$6)>0,MIN($V12,$K$6),$V12)*($AA$3-1)/6) | X12: =IF(OR($C12="",NOT($A12),$AR12=""),"",MIN($F$3,($U12+$T12)/$AR12)) | Y12: =IF(OR($C12="",NOT($A12)),"",TEXT($W12,"0.00")&" dmg"&IF($X12="","",", "&TEXT($X12,"0.00")&" kills")) | AA12: {=IF($C12="","",KW(($I12&", "&$AC$3),"Torrent")=TRUE)} | AB12: {=IF($C12="","",KW(($I12&", "&$AC$3),"Lethal Hits")=TRUE)} | AC12: {=IF($C12="","",N(KW(($I12&", "&$AC$3),"Sustained Hits")))} | AD12: {=IF($C12="","",KW(($I12&", "&$AC$3),"Devastating Wounds")=TRUE)} | AE12: {=IF($C12="","",KW(($I12&", "&$AC$3),"Twin-Linked")=TRUE)} | AF12: {=IF($C12="","",KW(($I12&", "&$AC$3),"Lance")=TRUE)} | AG12: {=IF($C12="","",KW(($I12&", "&$AC$3),"Heavy")=TRUE)} | AH12: {=IF($C12="","",N(KW(($I12&", "&$AC$3),"Rapid Fire")))} | AI12: {=IF($C12="","",N(KW(($I12&", "&$AC$3),"Blast")))} | AJ12: {=IF($C12="","",N(KW(($I12&", "&$AC$3),"Cleave")))} | AK12: {=IF($C12="","",N(KW(($I12&", "&$AC$3),"Melta")))} | AL12: {=IF($C12="","",KW(($I12&", "&$AC$3),"Ignores Cover")=TRUE)} | AM12: {=IF($C12="","",KW(($I12&", "&$AC$3),"Psychic")=TRUE)} | AN12: {=IF($C12="","",_xlfn.LET(_xlpm.src,$I12&", "&$AC$3,_xlpm.a,KWANTI(_xlpm.src,($O$6&", "&$AD$3)),_xlpm.c,KWMIN(_xlpm.src,"Critical Wounds"),MIN(_xlpm.a,IF(ISNUMBER(_xlpm.c),MEDIAN(2,6,_xlpm.c),6))))} | AO12: =IF($C12="","",IF($AA12,0,_xlfn.LET(_xlpm.psy,$AM12,_xlpm.dmg,-($G$3="Yes"),_xlpm.am,$AS12,_xlpm.tm,$AI$3,_xlpm.mods,IF(_xlpm.psy,MAX(0,_xlpm.am)+MAX(0,_xlpm.tm),_xlpm.dmg+_xlpm.am+_xlpm.tm),_xlpm.ws,MIN(6,MAX(2,$E12+IF(_xlpm.psy,MIN(0,$BB12),$BB12))),MEDIAN(2,6,_xlpm.ws-MAX(-1,MIN(1,_xlpm.mods)))))) | AP12: =IF($C12="","",_xlfn.LET(_xlpm.s,MAX(1,$F12+$BA12),_xlpm.t,MAX(1,N($J$6)+$AF$3),_xlpm.base,7-(1+(_xlpm.s>=2*_xlpm.t)+(_xlpm.s>_xlpm.t)+(_xlpm.s>=_xlpm.t)+(_xlpm.s>_xlpm.t/2)),MEDIAN(2,6,_xlpm.base-MAX(-1,MIN(1,$AT12+$AF12*($E$3="Yes")+$AJ$3))))) | AQ12: =IF($C12="","",_xlfn.LET(_xlpm.ap,MIN(0,$G12+$AU12+$AK$3),_xlpm.arm,$L$6-_xlpm.ap-$AG$3-$BD12,_xlpm.inv,IF(ISNUMBER($M$6),$M$6,7),MEDIAN(2,7,MIN(_xlpm.arm,_xlpm.inv)))) | AR12: =IF(OR($C12="",N($K$6)<=0),"",ROUNDUP($K$6/MIN($V12,$K$6),0)/(($AA$3-1)/6)) | AS12: {=IF($C12="","",KWSUM(($I12&", "&$AC$3),"Hit Modifier"))} | AT12: {=IF($C12="","",KWSUM(($I12&", "&$AC$3),"Wound Modifier"))} | AU12: {=IF($C12="","",KWSUM(($I12&", "&$AC$3),"AP Modifier"))} | AV12: {=IF($C12="","",KWSUM(($I12&", "&$AC$3),"Damage Modifier"))} | AW12: {=IF($C12="","",_xlfn.LET(_xlpm.src,$I12&", "&$AC$3,_xlpm.full,ISNUMBER(_xlfn.XMATCH("Reroll Hits",TRIM(_xlfn.TEXTSPLIT(_xlpm.src,",")))),_xlpm.r,KW(_xlpm.src,"Reroll Hits"),IF(_xlpm.full,2,IF(N(_xlpm.r)>=1,1,0))))} | AX12: {=IF($C12="","",_xlfn.LET(_xlpm.src,$I12&", "&$AC$3,_xlpm.full,OR($AE12,ISNUMBER(_xlfn.XMATCH("Reroll Wounds",TRIM(_xlfn.TEXTSPLIT(_xlpm.src,","))))),_xlpm.r,KW(_xlpm.src,"Reroll Wounds"),IF(_xlpm.full,2,IF(N(_xlpm.r)>=1,1,0))))} | AY12: =IF($C12="","",IF($AA12,0,_xlfn.LET(_xlpm.pc,(7-$BC12)/6,_xlpm.p,MAX((7-$AO12)/6,_xlpm.pc),IF($AW12=2,_xlpm.pc+(1-_xlpm.p)*_xlpm.pc,IF($AW12=1,_xlpm.pc+_xlpm.pc/6,_xlpm.pc))))) | AZ12: {=IF($C12="","",KWSUM($I12&", "&$AC$3,"Attacks Modifier"))} | BA12: {=IF($C12="","",KWSUM($I12&", "&$AC$3,"Strength Modifier"))} | BB12: {=IF($C12="","",KWSUM($I12&", "&$AC$3,"WS Modifier"))} | BC12: {=IF($C12="","",_xlfn.LET(_xlpm.c,KWMIN($I12&", "&$AC$3,"Critical Hits"),IF(ISNUMBER(_xlpm.c),MEDIAN(2,6,_xlpm.c),6)))} | BD12: {=IF($C12="","",KWSUM($I12&", "&$AC$3,"Save Modifier"))} | BF12: Typhus | BH12: Typhus (DeathGuard)
A13: TRUE | B13: 1 | P13: {=IF(OR($C13="",NOT($A13)),"",N($B13)*(MAX(1,DICEAVG($D13)+$AZ13)+$AH13*FALSE+($AI13+$AJ13)*INT($F$3/5)))} | Q13: =IF(OR($C13="",NOT($A13)),"",IF($AA13,$P13,_xlfn.LET(_xlpm.p,MAX((7-$AO13)/6,(7-$BC13)/6),_xlpm.ph,IF($AW13=2,_xlpm.p+(1-_xlpm.p)*_xlpm.p,IF($AW13=1,_xlpm.p+_xlpm.p/6,_xlpm.p)),$P13*_xlpm.ph+$P13*$AY13*$AC13))) | R13: =IF(OR($C13="",NOT($A13)),"",IF(AND($AB13,NOT($AA13)),$P13*$AY13,0)) | S13: =IF(OR($C13="",NOT($A13)),"",_xlfn.LET(_xlpm.n,$Q13-$R13,_xlpm.pW,(7-$AP13)/6,_xlpm.pC,(7-$AN13)/6,_xlpm.pT,MAX(_xlpm.pW,_xlpm.pC),_xlpm.rr,$AX13,_xlpm.n*IF(_xlpm.rr=2,1-(1-_xlpm.pT)^2,IF(_xlpm.rr=1,_xlpm.pT+_xlpm.pT/6,_xlpm.pT))+$R13)) | T13: =IF(OR($C13="",NOT($A13)),"",IF($AD13,_xlfn.LET(_xlpm.n,$Q13-$R13,_xlpm.pW,(7-$AP13)/6,_xlpm.pC,(7-$AN13)/6,_xlpm.pT,MAX(_xlpm.pW,_xlpm.pC),_xlpm.rr,$AX13,_xlpm.n*IF(_xlpm.rr=2,_xlpm.pC+(1-_xlpm.pT)*_xlpm.pC,IF(_xlpm.rr=1,_xlpm.pC+_xlpm.pC/6,_xlpm.pC))),0)) | U13: =IF(OR($C13="",NOT($A13)),"",($S13-$T13)*($AQ13-1)/6) | V13: {=IF(OR($C13="",NOT($A13)),"",MAX(1,DICEAVG($H13)+$AK13*FALSE+$AV13+$AH$3))} | W13: =IF(OR($C13="",NOT($A13)),"",($U13+$T13)*IF(N($K$6)>0,MIN($V13,$K$6),$V13)*($AA$3-1)/6) | X13: =IF(OR($C13="",NOT($A13),$AR13=""),"",MIN($F$3,($U13+$T13)/$AR13)) | Y13: =IF(OR($C13="",NOT($A13)),"",TEXT($W13,"0.00")&" dmg"&IF($X13="","",", "&TEXT($X13,"0.00")&" kills")) | AA13: {=IF($C13="","",KW(($I13&", "&$AC$3),"Torrent")=TRUE)} | AB13: {=IF($C13="","",KW(($I13&", "&$AC$3),"Lethal Hits")=TRUE)} | AC13: {=IF($C13="","",N(KW(($I13&", "&$AC$3),"Sustained Hits")))} | AD13: {=IF($C13="","",KW(($I13&", "&$AC$3),"Devastating Wounds")=TRUE)} | AE13: {=IF($C13="","",KW(($I13&", "&$AC$3),"Twin-Linked")=TRUE)} | AF13: {=IF($C13="","",KW(($I13&", "&$AC$3),"Lance")=TRUE)} | AG13: {=IF($C13="","",KW(($I13&", "&$AC$3),"Heavy")=TRUE)} | AH13: {=IF($C13="","",N(KW(($I13&", "&$AC$3),"Rapid Fire")))} | AI13: {=IF($C13="","",N(KW(($I13&", "&$AC$3),"Blast")))} | AJ13: {=IF($C13="","",N(KW(($I13&", "&$AC$3),"Cleave")))} | AK13: {=IF($C13="","",N(KW(($I13&", "&$AC$3),"Melta")))} | AL13: {=IF($C13="","",KW(($I13&", "&$AC$3),"Ignores Cover")=TRUE)} | AM13: {=IF($C13="","",KW(($I13&", "&$AC$3),"Psychic")=TRUE)} | AN13: {=IF($C13="","",_xlfn.LET(_xlpm.src,$I13&", "&$AC$3,_xlpm.a,KWANTI(_xlpm.src,($O$6&", "&$AD$3)),_xlpm.c,KWMIN(_xlpm.src,"Critical Wounds"),MIN(_xlpm.a,IF(ISNUMBER(_xlpm.c),MEDIAN(2,6,_xlpm.c),6))))} | AO13: =IF($C13="","",IF($AA13,0,_xlfn.LET(_xlpm.psy,$AM13,_xlpm.dmg,-($G$3="Yes"),_xlpm.am,$AS13,_xlpm.tm,$AI$3,_xlpm.mods,IF(_xlpm.psy,MAX(0,_xlpm.am)+MAX(0,_xlpm.tm),_xlpm.dmg+_xlpm.am+_xlpm.tm),_xlpm.ws,MIN(6,MAX(2,$E13+IF(_xlpm.psy,MIN(0,$BB13),$BB13))),MEDIAN(2,6,_xlpm.ws-MAX(-1,MIN(1,_xlpm.mods)))))) | AP13: =IF($C13="","",_xlfn.LET(_xlpm.s,MAX(1,$F13+$BA13),_xlpm.t,MAX(1,N($J$6)+$AF$3),_xlpm.base,7-(1+(_xlpm.s>=2*_xlpm.t)+(_xlpm.s>_xlpm.t)+(_xlpm.s>=_xlpm.t)+(_xlpm.s>_xlpm.t/2)),MEDIAN(2,6,_xlpm.base-MAX(-1,MIN(1,$AT13+$AF13*($E$3="Yes")+$AJ$3))))) | AQ13: =IF($C13="","",_xlfn.LET(_xlpm.ap,MIN(0,$G13+$AU13+$AK$3),_xlpm.arm,$L$6-_xlpm.ap-$AG$3-$BD13,_xlpm.inv,IF(ISNUMBER($M$6),$M$6,7),MEDIAN(2,7,MIN(_xlpm.arm,_xlpm.inv)))) | AR13: =IF(OR($C13="",N($K$6)<=0),"",ROUNDUP($K$6/MIN($V13,$K$6),0)/(($AA$3-1)/6)) | AS13: {=IF($C13="","",KWSUM(($I13&", "&$AC$3),"Hit Modifier"))} | AT13: {=IF($C13="","",KWSUM(($I13&", "&$AC$3),"Wound Modifier"))} | AU13: {=IF($C13="","",KWSUM(($I13&", "&$AC$3),"AP Modifier"))} | AV13: {=IF($C13="","",KWSUM(($I13&", "&$AC$3),"Damage Modifier"))} | AW13: {=IF($C13="","",_xlfn.LET(_xlpm.src,$I13&", "&$AC$3,_xlpm.full,ISNUMBER(_xlfn.XMATCH("Reroll Hits",TRIM(_xlfn.TEXTSPLIT(_xlpm.src,",")))),_xlpm.r,KW(_xlpm.src,"Reroll Hits"),IF(_xlpm.full,2,IF(N(_xlpm.r)>=1,1,0))))} | AX13: {=IF($C13="","",_xlfn.LET(_xlpm.src,$I13&", "&$AC$3,_xlpm.full,OR($AE13,ISNUMBER(_xlfn.XMATCH("Reroll Wounds",TRIM(_xlfn.TEXTSPLIT(_xlpm.src,","))))),_xlpm.r,KW(_xlpm.src,"Reroll Wounds"),IF(_xlpm.full,2,IF(N(_xlpm.r)>=1,1,0))))} | AY13: =IF($C13="","",IF($AA13,0,_xlfn.LET(_xlpm.pc,(7-$BC13)/6,_xlpm.p,MAX((7-$AO13)/6,_xlpm.pc),IF($AW13=2,_xlpm.pc+(1-_xlpm.p)*_xlpm.pc,IF($AW13=1,_xlpm.pc+_xlpm.pc/6,_xlpm.pc))))) | AZ13: {=IF($C13="","",KWSUM($I13&", "&$AC$3,"Attacks Modifier"))} | BA13: {=IF($C13="","",KWSUM($I13&", "&$AC$3,"Strength Modifier"))} | BB13: {=IF($C13="","",KWSUM($I13&", "&$AC$3,"WS Modifier"))} | BC13: {=IF($C13="","",_xlfn.LET(_xlpm.c,KWMIN($I13&", "&$AC$3,"Critical Hits"),IF(ISNUMBER(_xlpm.c),MEDIAN(2,6,_xlpm.c),6)))} | BD13: {=IF($C13="","",KWSUM($I13&", "&$AC$3,"Save Modifier"))} | BF13: Chaos Spawn | BH13: Chaos Spawn (DeathGuard)
A14: TRUE | B14: 1 | P14: {=IF(OR($C14="",NOT($A14)),"",N($B14)*(MAX(1,DICEAVG($D14)+$AZ14)+$AH14*FALSE+($AI14+$AJ14)*INT($F$3/5)))} | Q14: =IF(OR($C14="",NOT($A14)),"",IF($AA14,$P14,_xlfn.LET(_xlpm.p,MAX((7-$AO14)/6,(7-$BC14)/6),_xlpm.ph,IF($AW14=2,_xlpm.p+(1-_xlpm.p)*_xlpm.p,IF($AW14=1,_xlpm.p+_xlpm.p/6,_xlpm.p)),$P14*_xlpm.ph+$P14*$AY14*$AC14))) | R14: =IF(OR($C14="",NOT($A14)),"",IF(AND($AB14,NOT($AA14)),$P14*$AY14,0)) | S14: =IF(OR($C14="",NOT($A14)),"",_xlfn.LET(_xlpm.n,$Q14-$R14,_xlpm.pW,(7-$AP14)/6,_xlpm.pC,(7-$AN14)/6,_xlpm.pT,MAX(_xlpm.pW,_xlpm.pC),_xlpm.rr,$AX14,_xlpm.n*IF(_xlpm.rr=2,1-(1-_xlpm.pT)^2,IF(_xlpm.rr=1,_xlpm.pT+_xlpm.pT/6,_xlpm.pT))+$R14)) | T14: =IF(OR($C14="",NOT($A14)),"",IF($AD14,_xlfn.LET(_xlpm.n,$Q14-$R14,_xlpm.pW,(7-$AP14)/6,_xlpm.pC,(7-$AN14)/6,_xlpm.pT,MAX(_xlpm.pW,_xlpm.pC),_xlpm.rr,$AX14,_xlpm.n*IF(_xlpm.rr=2,_xlpm.pC+(1-_xlpm.pT)*_xlpm.pC,IF(_xlpm.rr=1,_xlpm.pC+_xlpm.pC/6,_xlpm.pC))),0)) | U14: =IF(OR($C14="",NOT($A14)),"",($S14-$T14)*($AQ14-1)/6) | V14: {=IF(OR($C14="",NOT($A14)),"",MAX(1,DICEAVG($H14)+$AK14*FALSE+$AV14+$AH$3))} | W14: =IF(OR($C14="",NOT($A14)),"",($U14+$T14)*IF(N($K$6)>0,MIN($V14,$K$6),$V14)*($AA$3-1)/6) | X14: =IF(OR($C14="",NOT($A14),$AR14=""),"",MIN($F$3,($U14+$T14)/$AR14)) | Y14: =IF(OR($C14="",NOT($A14)),"",TEXT($W14,"0.00")&" dmg"&IF($X14="","",", "&TEXT($X14,"0.00")&" kills")) | AA14: {=IF($C14="","",KW(($I14&", "&$AC$3),"Torrent")=TRUE)} | AB14: {=IF($C14="","",KW(($I14&", "&$AC$3),"Lethal Hits")=TRUE)} | AC14: {=IF($C14="","",N(KW(($I14&", "&$AC$3),"Sustained Hits")))} | AD14: {=IF($C14="","",KW(($I14&", "&$AC$3),"Devastating Wounds")=TRUE)} | AE14: {=IF($C14="","",KW(($I14&", "&$AC$3),"Twin-Linked")=TRUE)} | AF14: {=IF($C14="","",KW(($I14&", "&$AC$3),"Lance")=TRUE)} | AG14: {=IF($C14="","",KW(($I14&", "&$AC$3),"Heavy")=TRUE)} | AH14: {=IF($C14="","",N(KW(($I14&", "&$AC$3),"Rapid Fire")))} | AI14: {=IF($C14="","",N(KW(($I14&", "&$AC$3),"Blast")))} | AJ14: {=IF($C14="","",N(KW(($I14&", "&$AC$3),"Cleave")))} | AK14: {=IF($C14="","",N(KW(($I14&", "&$AC$3),"Melta")))} | AL14: {=IF($C14="","",KW(($I14&", "&$AC$3),"Ignores Cover")=TRUE)} | AM14: {=IF($C14="","",KW(($I14&", "&$AC$3),"Psychic")=TRUE)} | AN14: {=IF($C14="","",_xlfn.LET(_xlpm.src,$I14&", "&$AC$3,_xlpm.a,KWANTI(_xlpm.src,($O$6&", "&$AD$3)),_xlpm.c,KWMIN(_xlpm.src,"Critical Wounds"),MIN(_xlpm.a,IF(ISNUMBER(_xlpm.c),MEDIAN(2,6,_xlpm.c),6))))} | AO14: =IF($C14="","",IF($AA14,0,_xlfn.LET(_xlpm.psy,$AM14,_xlpm.dmg,-($G$3="Yes"),_xlpm.am,$AS14,_xlpm.tm,$AI$3,_xlpm.mods,IF(_xlpm.psy,MAX(0,_xlpm.am)+MAX(0,_xlpm.tm),_xlpm.dmg+_xlpm.am+_xlpm.tm),_xlpm.ws,MIN(6,MAX(2,$E14+IF(_xlpm.psy,MIN(0,$BB14),$BB14))),MEDIAN(2,6,_xlpm.ws-MAX(-1,MIN(1,_xlpm.mods)))))) | AP14: =IF($C14="","",_xlfn.LET(_xlpm.s,MAX(1,$F14+$BA14),_xlpm.t,MAX(1,N($J$6)+$AF$3),_xlpm.base,7-(1+(_xlpm.s>=2*_xlpm.t)+(_xlpm.s>_xlpm.t)+(_xlpm.s>=_xlpm.t)+(_xlpm.s>_xlpm.t/2)),MEDIAN(2,6,_xlpm.base-MAX(-1,MIN(1,$AT14+$AF14*($E$3="Yes")+$AJ$3))))) | AQ14: =IF($C14="","",_xlfn.LET(_xlpm.ap,MIN(0,$G14+$AU14+$AK$3),_xlpm.arm,$L$6-_xlpm.ap-$AG$3-$BD14,_xlpm.inv,IF(ISNUMBER($M$6),$M$6,7),MEDIAN(2,7,MIN(_xlpm.arm,_xlpm.inv)))) | AR14: =IF(OR($C14="",N($K$6)<=0),"",ROUNDUP($K$6/MIN($V14,$K$6),0)/(($AA$3-1)/6)) | AS14: {=IF($C14="","",KWSUM(($I14&", "&$AC$3),"Hit Modifier"))} | AT14: {=IF($C14="","",KWSUM(($I14&", "&$AC$3),"Wound Modifier"))} | AU14: {=IF($C14="","",KWSUM(($I14&", "&$AC$3),"AP Modifier"))} | AV14: {=IF($C14="","",KWSUM(($I14&", "&$AC$3),"Damage Modifier"))} | AW14: {=IF($C14="","",_xlfn.LET(_xlpm.src,$I14&", "&$AC$3,_xlpm.full,ISNUMBER(_xlfn.XMATCH("Reroll Hits",TRIM(_xlfn.TEXTSPLIT(_xlpm.src,",")))),_xlpm.r,KW(_xlpm.src,"Reroll Hits"),IF(_xlpm.full,2,IF(N(_xlpm.r)>=1,1,0))))} | AX14: {=IF($C14="","",_xlfn.LET(_xlpm.src,$I14&", "&$AC$3,_xlpm.full,OR($AE14,ISNUMBER(_xlfn.XMATCH("Reroll Wounds",TRIM(_xlfn.TEXTSPLIT(_xlpm.src,","))))),_xlpm.r,KW(_xlpm.src,"Reroll Wounds"),IF(_xlpm.full,2,IF(N(_xlpm.r)>=1,1,0))))} | AY14: =IF($C14="","",IF($AA14,0,_xlfn.LET(_xlpm.pc,(7-$BC14)/6,_xlpm.p,MAX((7-$AO14)/6,_xlpm.pc),IF($AW14=2,_xlpm.pc+(1-_xlpm.p)*_xlpm.pc,IF($AW14=1,_xlpm.pc+_xlpm.pc/6,_xlpm.pc))))) | AZ14: {=IF($C14="","",KWSUM($I14&", "&$AC$3,"Attacks Modifier"))} | BA14: {=IF($C14="","",KWSUM($I14&", "&$AC$3,"Strength Modifier"))} | BB14: {=IF($C14="","",KWSUM($I14&", "&$AC$3,"WS Modifier"))} | BC14: {=IF($C14="","",_xlfn.LET(_xlpm.c,KWMIN($I14&", "&$AC$3,"Critical Hits"),IF(ISNUMBER(_xlpm.c),MEDIAN(2,6,_xlpm.c),6)))} | BD14: {=IF($C14="","",KWSUM($I14&", "&$AC$3,"Save Modifier"))} | BF14: Plague Marines (Meele) | BH14: Plague Marines (Meele) (DeathGuard)
